医療法人社団菫会　目黒病院,東京都目黒区中央町２-１２-６,東京都,岡　潔,自己多血小板血漿(PRP)を用いた整形外科領域における軟部組織治療,医療法人清悠会認定再生医療等委員会,四肢 (手/腕/足/肘/膝/関節/など),濃縮した血小板を用いる治療,治療
医療法人再生未来　サイエンスクリニック,"東京都港区南麻布5-10-26 ORE広尾ビル6F,7F",東京都,長島　郁雄,活性化Tリンパ球を用いたがん治療及び予防を目的とする治療（活性化Tリンパ球療法）,日本肌再生医学会認定再生医療等委員会,その他 (がん・腫瘍/免疫/アレルギー/こころ/など),免疫細胞を用いる治療,治療
プルミエールクリニック,東京都千代田区九段南3-2-12,東京都,星野　泰三,活性化自己リンパ球（特殊型リンパ球）を用いたがん予防のための治療,プルミエールクリニック認定再生医療等委員会,その他 (がん・腫瘍/免疫/アレルギー/こころ/など),免疫細胞を用いる治療,治療
東京早稲田クリニック,東京都新宿区高田馬場1-1-1　メトロシティ西早稲田３階,東京都,清水　昭男,活性化自己リンパ球による悪性腫瘍の治療,横浜鶴ヶ峰病院認定再生医療等委員会,その他 (がん・腫瘍/免疫/アレルギー/こころ/など),免疫細胞を用いる治療,治療
医療法人黒沢クリニック,神奈川県横須賀市久里浜4－15－7ＫＨビル2階,神奈川,黒澤　治樹,活性化自己リンパ球を用いたがん免疫療法,希望クリニック認定再生医療等委員会,その他 (がん・腫瘍/免疫/アレルギー/こころ/など),免疫細胞を用いる治療,治療
医療法人社団尽徳会　県西在宅クリニック,茨城県古河市関戸1635,茨城県,岩本　将人,活性化自己リンパ球を用いたがん免疫療法,希望クリニック認定再生医療等委員会,その他 (がん・腫瘍/免疫/アレルギー/こころ/など),免疫細胞を用いる治療,治療
東京美容外科新宿院,東京都新宿区西新宿6丁目5-1 新宿アイランドタワー3階,東京都,小野 准平,強度・弾力性を失った皮膚の改善を目的とする自家多血小板血漿(PRP)療法,日本美容外科医師会認定再生医療等委員会,全身 (神経/皮膚/血液/筋肉/骨/リンパ/など),濃縮した血小板を用いる治療,治療
順天堂大学医学部附属練馬病院,東京都東京都練馬区高野台3−1−10,東京都,児島　邦明,自家多血小板血漿(Platelet-rich plasma:PRP)を用いた腱付着部炎・腱障害・筋損傷・靭帯損傷(関節外に限る)治療,特定非営利活動法人先端医療推進機構 認定再生医療等委員会名古屋,四肢 (手/腕/足/肘/膝/関節/など),濃縮した血小板を用いる治療,治療
医療法人社団SMILE LAND　BIANCA CLINIC,東京都中央区銀座１－５－６ 銀座レンガ通り福神ビル４・６F,東京都,堀田　和亮,PRP(多血小板血漿Platelet Rich Plasma)を用いた皮膚の再生を目的とした再生医療,日本先進医療医師会再生医療等委員会,全身 (神経/皮膚/血液/筋肉/骨/リンパ/など),濃縮した血小板を用いる治療,治療
ちはる歯科,静岡県富士宮市大岩118-23,静岡県,院長 佐々木 千晴,自家多血小板血漿（PRP：Platelet Rich Plasma）を利用した口腔内組織の再生医療,医療法人社団順朋会再生医療等委員会,頭部 (目(眼)/鼻/耳/口/歯/歯肉/顎/喉/脳/顔/毛髪/首/など),濃縮した血小板を用いる治療,治療
医療法人慶春会　福永記念診療所,大阪府大阪市城東区中央1-9-33　泉秀園城東ビル2F,大阪府,院長　高井　俊輔,自己骨髄由来間葉系幹細胞を用いた脊髄損傷治療,安全未来特定認定再生医療等委員会,四肢 (手/腕/足/肘/膝/関節/など)、脳・神経領域（脳外科・神経内科疾患等）,自分の細胞を用いる治療,治療
医療法人社団SMILE LAND　BIANCA CLINIC,東京都中央区銀座１－５－６ 銀座レンガ通り福神ビル４・６F,東京都,堀田　和亮,PRP(多血小板血漿Platelet Rich Plasma)を用いて創傷治癒を促進する補助治療を目的とした再生医療,日本先進医療医師会再生医療等委員会,全身 (神経/皮膚/血液/筋肉/骨/リンパ/など),濃縮した血小板を用いる治療,治療
医療法人社団ヴィヴェンシアクリニック,大阪府大阪市北区梅田２丁目４番７号桜橋ニコービル２階,大阪府,野町　健,多血小板血漿を用いた再生医療（皮膚および皮下組織）,カメイクリニック2認定再生医療等委員会,全身 (神経/皮膚/血液/筋肉/骨/リンパ/など),濃縮した血小板を用いる治療,治療
堂島リーガクリニック,大阪府大阪市福島区福島1-1-12　堂島リバーフォーラム4階北,大阪府,成宮　靖二,活性化自己リンパ球を用いたがん免疫療法,希望クリニック認定再生医療等委員会,その他 (がん・腫瘍/免疫/アレルギー/こころ/など),免疫細胞を用いる治療,治療
医療法人志宏会 新本町クリニック,高知県高知市北金田11-22ソフィアビル５Ｆ,高知県,吉村 尚子,活性化自己リンパ球を用いたがん免疫療法,希望クリニック認定再生医療等委員会,その他 (がん・腫瘍/免疫/アレルギー/こころ/など),免疫細胞を用いる治療,治療
医療法人 神明会 印どうメディカルクリニック,大阪府箕面市白島1-15-5,大阪府,印藤 八郎,活性化自己リンパ球を用いたがん免疫療法,希望クリニック認定再生医療等委員会,その他 (がん・腫瘍/免疫/アレルギー/こころ/など),免疫細胞を用いる治療,治療
つながわ整形外科・ペインクリニック,東京都西東京市東町6-6-10,東京都,綱川 慎一郎,多血小板血漿（Platelet-rich plasma：PRP）を用いた変形性関節症治療,安全未来特定認定再生医療等委員会,四肢 (手/腕/足/肘/膝/関節/など),濃縮した血小板を用いる治療,治療
医療法人社団山栄会グランプロクリニック銀座,東京都中央区銀座2-8-18グランベル銀座5階,東京都,前田 裕輔,アトピー性皮膚炎患者の主症状に対する自己脂肪由来幹細胞による治療,安全未来特定認定再生医療等委員会,全身 (神経/皮膚/血液/筋肉/骨/リンパ/など),自分の細胞を用いる治療,治療
医療法人社団白鳳会　大角医院,東京都練馬区上石神井4-3-23,東京都,中島　亮,多血小板血漿（Platelet-rich plasma：PRP）を用いた変形性関節症治療,安全未来特定認定再生医療等委員会,四肢 (手/腕/足/肘/膝/関節/など),濃縮した血小板を用いる治療,治療
医療法人 芳愛会 原医院,奈良県大和郡山市横田町708-3,奈良県,原 裕,活性化自己リンパ球を用いたがん免疫療法,希望クリニック認定再生医療等委員会,その他 (がん・腫瘍/免疫/アレルギー/こころ/など),免疫細胞を用いる治療,治療
医療法人社団光仁会　梶川病院,広島県広島市西区天満町8番7号,広島県,末丸　直子,活性化自己リンパ球を用いたがん免疫療法,希望クリニック認定再生医療等委員会,その他 (がん・腫瘍/免疫/アレルギー/こころ/など),免疫細胞を用いる治療,治療
医療法人社団順生会　はにゅう整形外科,埼玉県越谷市相模町3-139-1,埼玉県,羽生　亮,多血小板血漿（PRP）を用いた変形性関節症に対する疼痛緩和,日本先進医療医師会特定認定再生医療等委員会,四肢 (手/腕/足/肘/膝/関節/など),濃縮した血小板を用いる治療,治療
水谷内科小児科医院,愛知県名古屋市中村区 名駅南1-11-1,愛知県,片平 智行,活性化自己リンパ球を用いたがん免疫療法,希望クリニック認定再生医療等委員会,その他 (がん・腫瘍/免疫/アレルギー/こころ/など),免疫細胞を用いる治療,治療
医療法人社団京仁会　TOMクリニック美容外科新橋院,東京都港区新橋三丁目７番３号 新橋フォディアビル５階,東京都,古寺　常人,PRP(多血小板血漿Platelet Rich Plasma)を用いた育毛を目的とした再生医療,日本先進医療医師会再生医療等委員会,頭部 (目(眼)/鼻/耳/口/歯/歯肉/顎/喉/脳/顔/毛髪/首/など),濃縮した血小板を用いる治療,治療
医療法人社団　永　A CLINIC銀座　美容外科　美容皮膚科　形成外科,東京都中央区銀座4-10-10　銀座山王ビル 9階,東京都,山﨑　香名,自家培養真皮線維芽細胞移植術,再生医療普及協会 特定認定再生医療等委員会,頭部 (目(眼)/鼻/耳/口/歯/歯肉/顎/喉/脳/顔/毛髪/首/など),自分の細胞を用いる治療,治療
医療法人社団ことのは　両国きたむら整形外科,東京都墨田区両国3-19-5　シュタム両国ビル2階,東京都,院長　北村　大也,自己多血小板血漿(PRP)を用いた筋・腱・靭帯等、損傷した運動器組織再生治療,特定非営利活動法人　日本アンチエイジング医療協会　認定再生医療等委員会,四肢 (手/腕/足/肘/膝/関節/など),濃縮した血小板を用いる治療,治療
お茶の水セルクリニック,東京都千代田区神田駿河台4-1-1 ウエルトンビル2階,東京都,寺尾友宏,自己多血小板血漿(PRP)を用いた整形外科領域における軟部組織治療,医療法人清悠会認定再生医療委員会,四肢 (手/腕/足/肘/膝/関節/など),濃縮した血小板を用いる治療,治療
医療法人輝鳳会　新大阪クリニック,大阪府大阪市淀川区宮原1-6-1　新大阪ブリックビル8階,大阪府,久藤　しおり,アトピー性疾患患者の主症状に対する自己脂肪由来幹細胞による治療,安全未来特定認定再生医療等委員会,全身 (神経/皮膚/血液/筋肉/骨/リンパ/など),自分の細胞を用いる治療,治療
医療法人　輝鳳会　新大阪クリニック,大阪府大阪市淀川区宮原1-6-1　新大阪ブリックビル8階,大阪府,久藤　しおり,しわ・たるみなど皮膚の加齢性変化に対する自己脂肪由来幹細胞による治療,安全未来特定認定再生医療等委員会,全身 (神経/皮膚/血液/筋肉/骨/リンパ/など),自分の細胞を用いる治療,治療
医療法人　社団　誠歯会　マスダ歯科医院,埼玉県さいたま市見沼区東大宮五丁目35番地18,埼玉県,増田　一生,口腔インプラント治療に伴うCGF（Concentrated Growth Factors：自己血液由来血小板成長因子含有フィブリンゲル）法による顎骨再生術又は歯周組織再生術,オカムラ歯科認定再生医療等委員会,頭部 (目(眼)/鼻/耳/口/歯/歯肉/顎/喉/脳/顔/毛髪/首/など),濃縮した血小板を用いる治療,治療
医療法人社団ニューシティ大崎クリニック,東京都品川区大崎１－６－１ 大崎ニューシティTOC大崎ビル２階,東京都,松岡千花子,NK細胞療法による免疫機能改善,日本薬事法務学会認定再生医療等委員会,その他 (がん・腫瘍/免疫/アレルギー/こころ/など),免疫細胞を用いる治療,治療
医療法人社団ニューシティ大崎クリニック,東京都品川区大崎１－６－１大崎ニューシティ　TOC大崎ビル２階,東京都,松岡千花子,Alpha-Galactosylceramide刺激自己樹状細胞を用いたNKT細胞標的治療,日本薬事法務学会認定再生医療等委員会,その他 (がん・腫瘍/免疫/アレルギー/こころ/など),免疫細胞を用いる治療,治療
医療法人エクラ会　歯科オーラルクリニックエクラ,愛知県日進市岩崎町岩根141番地2 1F,愛知県,小出　貴照,口腔インプラント治療に伴うCGF（Concentrated Growth Factors：自己血液由来血小板成長因子含有フィブリンゲル）法による顎骨再生術又は歯周組織再生術,オカムラ歯科認定再生医療等委員会,頭部 (目(眼)/鼻/耳/口/歯/歯肉/顎/喉/脳/顔/毛髪/首/など),濃縮した血小板を用いる治療,治療
医療法人　輝鳳会　新大阪クリニック,大阪府大阪市淀川区宮原1丁目6ー1　新大阪ブリックビル８階,大阪府,久藤　しおり,変形性関節症に対する自己脂肪由来幹細胞を用いた治療,安全未来特定認定再生医療等委員会,四肢 (手/腕/足/肘/膝/関節/など),自分の細胞を用いる治療,治療
医療法人輝鳳会　新大阪クリニック,大阪府大阪市淀川区宮原1丁目6ー1　新大阪ブリックビル８階,大阪府,久藤　しおり,慢性疼痛に対する自己脂肪由来幹細胞による治療,安全未来特定認定再生医療等委員会,全身 (神経/皮膚/血液/筋肉/骨/リンパ/など),自分の細胞を用いる治療,治療
アヴェニュー六本木クリニック,東京都港区六本木7-14-7 トリニティービル5階,東京都,寺島　洋一,PRP(多血小板血漿Platelet Rich Plasma)を用いた育毛を目的とした再生医療,日本先進医療医師会再生医療等委員会,頭部 (目(眼)/鼻/耳/口/歯/歯肉/顎/喉/脳/顔/毛髪/首/など),濃縮した血小板を用いる治療,治療
アヴェニュー表参道クリニック,東京都港区南青山3-18-16 ル・ボワビル4階,東京都,佐藤　卓士,PRP(多血小板血漿Platelet Rich Plasma)を用いた育毛を目的とした再生医療,日本先進医療医師会再生医療等委員会,頭部 (目(眼)/鼻/耳/口/歯/歯肉/顎/喉/脳/顔/毛髪/首/など),濃縮した血小板を用いる治療,治療
医療法人社団松寿会　デンタルオフィス松川,埼玉県和光市南一丁目6番20号,埼玉県,院長 松川 寿幸,自家血小板含有フィブリンゲル（CGF：concentrated growth factors）を利用した口腔内組織の再生医療,医療法人社団順朋会再生医療等委員会,頭部 (目(眼)/鼻/耳/口/歯/歯肉/顎/喉/脳/顔/毛髪/首/など),濃縮した血小板を用いる治療,治療
医療法人博慈会　内田病院,大分県別府市末広町３番１号,大分県,院長　内田　明宏,多血小板血漿抽出液による関節症治療,ヴィヴィアン特定認定再生医療等委員会,四肢 (手/腕/足/肘/膝/関節/など),濃縮した血小板を用いる治療,治療
医療法人博慈会　内田病院,大分県別府市末広町３番１号,大分県,院長　内田　明宏,多血小板血漿を用いた靭帯・腱及び腱付着部の機能障害・疾患の治療,ヴィヴィアン認定再生医療等委員会,四肢 (手/腕/足/肘/膝/関節/など),濃縮した血小板を用いる治療,治療
医療法人社団美翔会　聖心美容クリニック　東京院,東京都港区六本木6-6-9　ピラミデビル2F,東京都,伊藤　康平,脂肪組織由来幹細胞（ASC）の投与による乳房組織欠損治療,日本先進医療医師会特定認定再生医療等委員会,女性（乳・子宮・卵巣など）,自分の細胞を用いる治療,治療
希望クリニック,愛知県名古屋市中村区名駅南1丁目19番27号オルバースビルディング名古屋6F,愛知県,堀田由浩,活性化自己リンパ球を用いたがん免疫療法,希望クリニック認定再生医療等委員会,胸部 (胸/心臓/循環器/血管/呼吸器/乳房/脊髄/肩/背中/など),免疫細胞を用いる治療,治療
医療法人社団　悠健　ドクターアンディ―ズクリニック,東京都港区六本木4-8-7六本木嶋田ビル6F,東京都,ｳｫﾝ・ｱﾝﾄﾞﾘｭｰ・ﾁｰ・ｳｪﾝ,脂肪由来間葉系幹細胞を用いた慢性疼痛の治療,安全未来特定認定再生医療等委員会,全身 (神経/皮膚/血液/筋肉/骨/リンパ/など),自分の細胞を用いる治療,治療
マックスファクス銀座クリニック,東京都中央区銀座7-3-7 ブランエスパ銀座5F,東京都,渡邊　裕之,活性化自己リンパ球を用いたがん免疫療法,希望クリニック認定再生医療等委員会,その他 (がん・腫瘍/免疫/アレルギー/こころ/など),免疫細胞を用いる治療,治療
医療法人社団知慎会　JTK Clinic,東京都千代田区麹町4-1-5 麹町志村ビル２階,東京都,下地　恒毅,活性化自己リンパ球を用いたがん免疫療法,希望クリニック認定再生医療等委員会,その他 (がん・腫瘍/免疫/アレルギー/こころ/など),免疫細胞を用いる治療,治療
医療法人　邦寿会　東京皮膚科・形成外科 銀座院,東京都中央区銀座２丁目１１−８ ラウンドクロス銀座 ３F,東京都,森川　一彦,脂肪由来間葉系幹細胞を用いたアトピー性皮膚炎の治療,安全未来特定認定再生医療等委員会,全身 (神経/皮膚/血液/筋肉/骨/リンパ/など),自分の細胞を用いる治療,治療
健康増進クリニック,東京都千代田区九段南4-8-21 山脇ビル5F,東京都,水上　治,活性化自己リンパ球を用いたがん免疫療法,希望クリニック認定再生医療等委員会,その他 (がん・腫瘍/免疫/アレルギー/こころ/など),免疫細胞を用いる治療,治療
医療法人井上会　井上整形外科,大阪府大阪市城東区永田二丁目６番２９号,大阪府,院長　井上　雅裕,多血小板血漿抽出液による関節症治療,ヴィヴィアン特定認定再生医療等委員会,四肢 (手/腕/足/肘/膝/関節/など),濃縮した血小板を用いる治療,治療
学校法人了德寺大学附属新小岩整形外科,東京都江戸川区本一色１－２１－３,東京都,院長　岡部　高弘,多血小板血漿抽出液による関節症治療,ヴィヴィアン特定認定再生医療等委員会,四肢 (手/腕/足/肘/膝/関節/など),濃縮した血小板を用いる治療,治療
学校法人了德寺大学附属新小岩整形外科,東京都江戸川区本一色１－２１－３,東京都,院長　岡部　高弘,多血小板血漿を用いた靭帯・腱及び腱付着部の機能障害・疾患の治療,ヴィヴィアン認定再生医療等委員会,四肢 (手/腕/足/肘/膝/関節/など),濃縮した血小板を用いる治療,治療
医療法人協和会　協和会病院,大阪府吹田市岸部北１丁目２４番１号,大阪府,院長　笠原　彰紀,多血小板血漿抽出液による関節症治療,ヴィヴィアン特定認定再生医療等委員会,四肢 (手/腕/足/肘/膝/関節/など),濃縮した血小板を用いる治療,治療
医療法人朝雲会　あさぐも整形外科クリニック,大阪府和泉市いぶき野５―１―２　 ｐｉｖｏ和泉中央２Ｆ,大阪府,院長　朝雲　浩人,多血小板血漿抽出液による関節症治療,ヴィヴィアン特定認定再生医療等委員会,四肢 (手/腕/足/肘/膝/関節/など),濃縮した血小板を用いる治療,治療
医療法人社団盛心会　タカラクリニック,東京都品川区東五反田2丁目3-2 タイセイビル9F,東京都,高良　毅,自家未熟樹状細胞療法,医療法人清悠会 認定再生医療等委員会,その他 (がん・腫瘍/免疫/アレルギー/こころ/など),免疫細胞を用いる治療,治療
医療法人社団HELENE 表参道ヘレネクリニック,東京都港区南青山5-9-15 青山OHMOTOビル3F,東京都,小林奈々,頭髪脱毛症に対する自己脂肪由来間葉系幹細胞の頭皮注入療法,特定非営利活動法人先端医療推進機構 特定認定再生医療等委員会名古屋,頭部 (目(眼)/鼻/耳/口/歯/歯肉/顎/喉/脳/顔/毛髪/首/など),自分の細胞を用いる治療,治療
国際美容外科,福岡県福岡市博多区博多駅前３－２２－５　Mビル2号館8F,福岡県,荒木　義雄,脂肪由来間葉系幹細胞を用いた脊髄損傷の治療,安全未来特定認定再生医療等委員会,四肢 (手/腕/足/肘/膝/関節/など)、脳・神経領域（脳外科・神経内科疾患等）,自分の細胞を用いる治療,治療
西新宿整形外科クリニック,東京都新宿区西新宿7-21-3 西新宿大京ビル7F,東京都,院長　川原　昭久,多血小板血漿(PRP)の投与によるスポーツ外傷を含む筋、腱、靱帯損傷治療,医療法人湘美会認定再生医療等委員会,四肢 (手/腕/足/肘/膝/関節/など),濃縮した血小板を用いる治療,治療
ひかり歯科医院,東京都西東京市柳沢3-1-4,東京都,院長 東倉 光輝,自家血小板含有フィブリンゲル（CGF：concentrated growth factors）を利用した口腔内組織の再生医療,医療法人社団順朋会再生医療等委員会,頭部 (目(眼)/鼻/耳/口/歯/歯肉/顎/喉/脳/顔/毛髪/首/など),濃縮した血小板を用いる治療,治療
医療法人社団活寿会　東京ひざ関節症クリニック銀座院,東京都中央区銀座5-3-12 壹番館ビルディング7階,東京都,中西 潤,多血小板血漿（PRP）の投与による変形性関節症治療,日本先進医療医師会特定認定再生医療等委員会,四肢 (手/腕/足/肘/膝/関節/など),濃縮した血小板を用いる治療,治療
医療法人社団禮聖会 トリニティクリニック福岡,福岡県福岡市博多区中洲5-2-3 松居壱番館7階,福岡県,院長　梁　昌煕,自家脂肪由来間葉系幹細胞を用いた変形性膝関節症の治療,九州トリニティ特定認定再生医療等委員会,四肢 (手/腕/足/肘/膝/関節/など),自分の細胞を用いる治療,治療
ノワール大宮クリニック,埼玉県さいたま市大宮区仲町2-41KETYビル5F,埼玉県,成田　学史,Alpha-Galactosylceramide刺激自己樹状細胞を用いたNKT細胞標的治療（RIKNKT),日本薬事法務学会認定再生医療等委員会,その他 (がん・腫瘍/免疫/アレルギー/こころ/など),免疫細胞を用いる治療,治療
医療法人社団光史会 銀座泰江内科クリニック,東京都中央区銀座五丁目１番１５号 第一御幸ビル4階東,東京都,泰江　慎太郎,ヒト自己活性化NK細胞による免疫細胞療法,ＩＣＴＡ特定認定再生医療等委員会,その他 (がん・腫瘍/免疫/アレルギー/こころ/など),免疫細胞を用いる治療,治療
医療法人社団サンセール会　SCクリニック福岡,福岡県福岡市東区松島6丁目14番12号,福岡県,橘内　愛,自己脂肪由来幹細胞を用いた自己免疫疾患の治療,医療法人ネオポリス診療所　特定認定再生医療等委員会,その他 (がん・腫瘍/免疫/アレルギー/こころ/など),自分の細胞を用いる治療,治療
わたなべ歯科クリニック,神奈川県川崎市川崎区小川町15-13　ランドコム川崎1F,神奈川,院長 渡邊 克則,自家血小板含有フィブリンゲル（CGF：concentrated growth factors）を利用した口腔内組織の再生医療,医療法人社団順朋会再生医療等委員会,頭部 (目(眼)/鼻/耳/口/歯/歯肉/顎/喉/脳/顔/毛髪/首/など),濃縮した血小板を用いる治療,治療
大宮はしもと整形外科,埼玉県さいたま市中央区上落合8-3-32 島忠ホームズさいたま中央店　２階,埼玉県,大宮はしもと整形外科 橋本　整,整形外科領域の軟部組織に対する自家多血小板血漿療法,医療法人 清悠会 認定再生医療等委員会,四肢 (手/腕/足/肘/膝/関節/など),濃縮した血小板を用いる治療,治療
医療法人社団理嶺会 つかもと整形外科醫院,東京都世田谷区千歳台二丁目１４番７号 第二千歳ガーデンビル２階・３階,東京都,塚本 理一郎,多血小板血漿（PRP）の投与による変形性関節症治療,日本先進医療医師会 特定認定再生医療等委員会,四肢 (手/腕/足/肘/膝/関節/など),濃縮した血小板を用いる治療,治療
医療法人社団理嶺会 つかもと整形外科醫院,東京都世田谷区千歳台二丁目１４番７号 第二千歳ガーデンビル２階・３階,東京都,塚本 理一郎,多血小板血漿(PRP)の投与によるスポーツ外傷を含む筋、腱、靱帯損傷治療,日本先進医療医師会 再生医療等委員会,四肢 (手/腕/足/肘/膝/関節/など),濃縮した血小板を用いる治療,治療
フェリシティークリニック名古屋,愛知県名古屋市中区丸の内2-14-19　安藤ビル3・4階,愛知県,河合　隆志,整形外科領域の軟部組織に対する自家多血小板血漿療法,医療法人 清悠会 認定再生医療等委員会,四肢 (手/腕/足/肘/膝/関節/など),濃縮した血小板を用いる治療,治療
医療法人社団盛心会　タカラクリニック,東京都品川区東五反田2-3-2タイセイビル9階,東京都,高良　毅,NKT細胞標的治療（RIKNKT),一般社団法人分子免疫研究所認定再生医療等委員会,その他 (がん・腫瘍/免疫/アレルギー/こころ/など),免疫細胞を用いる治療,治療
医療法人社団菫会　目黒病院,東京都目黒区中央町2-12-6,東京都,岡　潔,多血小板血漿（Platelet-rich plasma：PRP）を用いた変形性関節症治療,安全未来特定認定再生医療等委員会,四肢 (手/腕/足/肘/膝/関節/など),濃縮した血小板を用いる治療,治療
南新宿整形外科リハビリテーションクリニック,東京都渋谷区代々木二丁目１６番７号 山葉ビルメディカルセンター４階,東京都,橋本　三四郎,自己脂肪由来間葉系幹細胞を用いた関節痛、変形性関節症治療,安全未来特定認定再生医療等委員会,四肢 (手/腕/足/肘/膝/関節/など),自分の細胞を用いる治療,治療
堂島リーガクリニック,大阪府大阪市福島区福島1-1-12 堂島リバーフォーラム4階北,大阪府,成宮　靖二,自家NK細胞療法,医療法人 清悠会 認定再生医療等委員会,その他 (がん・腫瘍/免疫/アレルギー/こころ/など),免疫細胞を用いる治療,治療
三軒茶屋整形外科・スポーツクリニック,東京都世田谷区三軒茶屋１―３７―２　４階,東京都,院長　反町　武史,多血小板血漿抽出液による関節症治療,ヴィヴィアン特定認定再生医療等委員会,四肢 (手/腕/足/肘/膝/関節/など),濃縮した血小板を用いる治療,治療
三軒茶屋整形外科・スポーツクリニック,東京都世田谷区三軒茶屋１―３７―２　４階,東京都,院長　反町　武史,多血小板血漿を用いた靭帯・腱及び腱付着部の機能障害・疾患の治療,ヴィヴィアン認定再生医療等委員会,四肢 (手/腕/足/肘/膝/関節/など),濃縮した血小板を用いる治療,治療
医療法人弘昭会　大森整形外科リウマチ科,福井県福井市北四ツ居３－１４－１２,福井県,院長　大森　弘則,多血小板血漿抽出液による関節症治療,ヴィヴィアン特定認定再生医療等委員会,四肢 (手/腕/足/肘/膝/関節/など),濃縮した血小板を用いる治療,治療
野村医院,愛知県名古屋市中川区福住町1-5,愛知県,石川　敦子,Alpha-Galactosylceramide刺激自己樹状細胞を用いたNKT細胞標的治療（RIKNKT),日本薬事法務学会認定再生医療等委員会,その他 (がん・腫瘍/免疫/アレルギー/こころ/など),免疫細胞を用いる治療,治療
医療法人社団桜寿会リアンレーヴ高田馬場クリニック,東京都新宿区下落合1-6-9 リアンレーヴ高田馬場1階,東京都,三浦　典正,Alpha-Galactosylceramide刺激自己樹状細胞を用いたNKT細胞標的治療（RIKNKT),日本薬事法務学会認定再生医療等委員会,その他 (がん・腫瘍/免疫/アレルギー/こころ/など),免疫細胞を用いる治療,治療
医療法人新青会川口工業総合病院,埼玉県川口市青木1-118-15,埼玉県,馬場俊也,自家多血小板血漿（PRP)を用いた腱付着部炎・腱障害・筋損傷・靭帯損傷（関節外に限る）治療,医療法人清悠会　認定再生医療等委員会,四肢 (手/腕/足/肘/膝/関節/など),濃縮した血小板を用いる治療,治療
医療法人　輝鳳会　池袋クリニック,東京都豊島区南池袋1－25－11　第15野萩ビル７階,東京都,甲　陽平,変形性関節症に対する自己脂肪由来幹細胞を用いた治療,安全未来特定認定再生医療等委員会,四肢 (手/腕/足/肘/膝/関節/など),自分の細胞を用いる治療,治療
医療法人輝鳳会　池袋クリニック,東京都豊島区南池袋1-25-11　第15野萩ビル７階,東京都,甲　陽平,慢性疼痛に対する自己脂肪由来幹細胞による治療,安全未来特定認定再生医療等委員会,全身 (神経/皮膚/血液/筋肉/骨/リンパ/など),自分の細胞を用いる治療,治療
堂島リーガクリニック,大阪府大阪市福島区福島1-1-12　堂島リバーフォーラム4階北,大阪府,成宮　靖二,自家CAT細胞療法,医療法人清悠会 認定再生医療等委員会,その他 (がん・腫瘍/免疫/アレルギー/こころ/など),免疫細胞を用いる治療,治療
お茶の水セルクリニック,東京都千代田区神田駿河台 4-1-1 ウエルトンビル２F,東京都,寺尾 友宏,自己脂肪由来間葉系幹細胞を用いた関節痛、変形性関節症治療,安全未来特定認定再生医療等委員会,四肢 (手/腕/足/肘/膝/関節/など),自分の細胞を用いる治療,治療
お茶の水セルクリニック,東京都千代田区神田駿河台4-1-1　ウエルトンビル２F,東京都,寺尾　友宏,自己脂肪由来間葉系幹細胞を用いた靭帯・腱損傷治療,安全未来特定認定再生医療等委員会,四肢 (手/腕/足/肘/膝/関節/など),自分の細胞を用いる治療,治療
お茶の水セルクリニック,東京都千代田区神田駿河台4-1-1ウェルトンビル2階,東京都,寺尾　友宏,多血小板血漿（Platelet-rich plasma：PRP）を用いた変形性関節症治療,安全未来特定認定再生医療等委員会,四肢 (手/腕/足/肘/膝/関節/など),濃縮した血小板を用いる治療,治療
医療法人社団淳英会　おゆみの中央病院,千葉県千葉市緑区おゆみ野南六丁目４９番地９,千葉県,院長　山下　剛司,多血小板血漿抽出液による関節症治療,ヴィヴィアン特定認定再生医療等委員会,四肢 (手/腕/足/肘/膝/関節/など),濃縮した血小板を用いる治療,治療
医療法人社団淳英会　おゆみの中央病院,千葉県千葉市緑区おゆみ野南六丁目49番地9,千葉県,理事長・院長　山下　剛司,多血小板血漿を用いた靭帯・腱及び腱付着部の機能障害・疾患の治療,特定非営利活動法人　日本アンチエイジング医療協会　認定 再生医療等委員会,四肢 (手/腕/足/肘/膝/関節/など),濃縮した血小板を用いる治療,治療
北里大学北里研究所病院,東京都港区白金5-9-1,東京都,渡邊 昌彦,癌患者を対象とした樹状細胞ワクチン療法,北里大学北里研究所病院認定再生医療等委員会,その他 (がん・腫瘍/免疫/アレルギー/こころ/など),免疫細胞を用いる治療,治療
医療法人社団みつわ整形外科クリニック,北海道札幌市豊平区平岸３条６丁目６番３０号,北海道,（理事長・院長）廣田　誼,自家多血小板血漿(PRP)抽出液による変形性関節症治療,特定非営利活動法人　先端医療推進機構　特定認定再生医療 等委員会名古屋,四肢 (手/腕/足/肘/膝/関節/など),濃縮した血小板を用いる治療,治療
医療法人社団我汝会　えにわ病院,北海道恵庭市黄金中央２丁目１番地１,北海道,院長　百町　貴彦,自家多血小板血漿抽出液による変形性関節症治療,ヴィヴィアン特定認定再生医療等委員会,四肢 (手/腕/足/肘/膝/関節/など),濃縮した血小板を用いる治療,治療
社会医療法人禎心会 札幌禎心会病院,北海道札幌市東区北33条東1丁目3-1,北海道,徳田 禎久,多血小板血漿（Platelet-rich plasma：PRP）の投与による変形性関節症治療,安全未来特定認定再生医療等委員会,四肢 (手/腕/足/肘/膝/関節/など),濃縮した血小板を用いる治療,治療
弘前大学医学部附属病院,青森県弘前市本町５３,青森県,大山　力,自家多血小板血漿（Platelet-rich plasma:PRP）を用いた関節内組織損傷に対する治療,特定非営利活動法人先端医療推進機構　特定認定再生医療等委員会名古屋,その他 (がん・腫瘍/免疫/アレルギー/こころ/など),濃縮した血小板を用いる治療,治療
菅原整形外科クリニック,岩手県一関市銅谷町9番18号,岩手県,菅原　恒,自己多血小板血漿（PRP）を用いた変形性膝関節症への治療,CONCIDE 特定認定再生医療等委員会,四肢 (手/腕/足/肘/膝/関節/など),濃縮した血小板を用いる治療,治療
医療法人慈永会　根本産婦人科医院,茨城県笠間市八雲1-4-21,茨城県,根本産婦人科医院院長　根本　央,子宮内膜に対する多血小板血漿（Acti₋PRP）を用いた不妊治療,ヴィヴィアン特定認定再生医療等委員会,下半身 (腰/泌尿器/肛門/子宮/卵巣/陰部/など),濃縮した血小板を用いる治療,治療
医療法人社団　筑波記念会　筑波記念病院,茨城県茨城県つくば市要1187-299,茨城県,長澤 俊郎,自家多血小板血漿（Platelet-rich plasma：PRP）を用いた関節内組織損傷に対する治療,特定非営利活動法人先端医療推進機構 特定認定再生医療等委員会名古屋,その他 (がん・腫瘍/免疫/アレルギー/こころ/など),濃縮した血小板を用いる治療,治療
筑波大学附属病院,茨城県つくば市天久保2-1-1,茨城県,原　晃,変形性膝関節症に対する多血小板血漿抽出液関節内注射治療（自由診療）,筑波大学特定認定再生医療等委員会,四肢 (手/腕/足/肘/膝/関節/など),濃縮した血小板を用いる治療,治療
慶友整形外科クリニック,群馬県館林市羽附町1741,群馬県,鵜飼康二,自家多血小板血漿（Platelet-rich plasma：PRP）を用いた関節内組織損傷に対する治療,特定非営利活動法人先端医療推進機構　認定再生医療等委員会名古屋,その他 (がん・腫瘍/免疫/アレルギー/こころ/など),濃縮した血小板を用いる治療,治療
北里大学メディカルセンター,埼玉県北本市荒井6丁目100番地,埼玉県,佐藤　之俊,多血小板血漿（Platelet-rich plasma：PRP）を用いた変形性膝関節症に対する治療,安全未来特定認定再生医療等委員会,四肢 (手/腕/足/肘/膝/関節/など),濃縮した血小板を用いる治療,治療
医療法人本庄福島病院 本庄総合病院,埼玉県本庄市大字北堀1780番地,埼玉県,草間 芳樹,多血小板血漿（PRP）の投与による変形性関節症治療,日本先進医療医師会 特定認定再生医療等委員会,四肢 (手/腕/足/肘/膝/関節/など),濃縮した血小板を用いる治療,治療
医療法人社団愛友会　三郷中央総合病院,埼玉県三郷市中央四丁目5番地1,埼玉県,德弘 圭一,多血小板血漿（Platelet-rich plasma：PRP）を用いた変形性関節症治療,安全未来特定認定再生医療等委員会,四肢 (手/腕/足/肘/膝/関節/など),濃縮した血小板を用いる治療,治療
医療法人社団聖仁会　白井聖仁会病院,千葉県白井市笹塚３－２５－２,千葉県,院長　布施　秀樹,多血小板血漿による関節症治療,ヴィヴィアン特定認定再生医療等委員会,四肢 (手/腕/足/肘/膝/関節/など),濃縮した血小板を用いる治療,治療
医療法人鉄蕉会　亀田ＩＶＦクリニック幕張,千葉県千葉市美浜区中瀬一丁目3番地　Ｄ棟3階,千葉県,川井　清考,難治性不妊に対する多血小板血漿（PRP）を用いた不妊治療,CONCIDE特定認定再生医療等委員会,下半身 (腰/泌尿器/肛門/子宮/卵巣/陰部/など),濃縮した血小板を用いる治療,治療
成田赤十字病院,千葉県成田市飯田町90番地1,千葉県,院長　角南　勝介,自己多血小板血漿(PRP)を用いた変形性関節症治療,日本先進医療医師会特定認定再生医療等委員会,四肢 (手/腕/足/肘/膝/関節/など),濃縮した血小板を用いる治療,治療
東京歯科大学市川総合病院,千葉県市川市菅野５－１１－１３,千葉県,病院長　西田　次郎,多血小板血漿抽出液による関節症治療,ヴィヴィアン特定認定再生医療等委員会,四肢 (手/腕/足/肘/膝/関節/など),濃縮した血小板を用いる治療,治療
くさのたろうクリニック,東京都品川区上大崎3-2-9 アクア目黒４F,東京都,草野　太郎,脂肪組織由来幹細胞（ASC）の投与による乳房組織欠損治療,特定認定細胞治療等安全推進委員会,女性（乳・子宮・卵巣など）,自分の細胞を用いる治療,治療
アートセルクリニック六本木,東京都港区六本木7-4-4 六本木アートシェル5階,東京都,扇谷　咲子,自己脂肪由来幹細胞を用いたしわ・たるみなど皮膚の加齢性変化に対する治療,安全未来特定認定再生医療等委員会,全身 (神経/皮膚/血液/筋肉/骨/リンパ/など),自分の細胞を用いる治療,治療
アートセルクリニック六本木,東京都港区六本木7-4-4 六本木アートシェル5階,東京都,扇谷　　咲子,自己脂肪由来幹細胞を用いたアトピー性皮膚炎患者の主症状に対する治療,安全未来特定認定再生医療等委員会,全身 (神経/皮膚/血液/筋肉/骨/リンパ/など),自分の細胞を用いる治療,治療
元浅草いけだクリニック,東京都台東区元浅草４丁目７−２２,東京都,池田　淳,多血小板血漿（Platelet-rich plasma：PRP）を用いた関節内疾患に対する治療,安全未来特定認定再生医療等委員会,四肢 (手/腕/足/肘/膝/関節/など),濃縮した血小板を用いる治療,治療
医療法人社団 大山整形外科診療所,東京都八王子市大和田町３丁目８番７号,東京都,大山　実,多血小板血漿（Platelet-rich plasma：PRP）を用いた変形性関節症治療,安全未来特定認定再生医療等委員会,四肢 (手/腕/足/肘/膝/関節/など),濃縮した血小板を用いる治療,治療
医療法人社団 永 A CLINIC 銀座 美容外科 美容皮フ科 形成外科,東京都中央区銀座４－１０－１０ 銀座山王ビル9階,東京都,山﨑香名,しわ・たるみなど皮膚の加齢性変化に対する自己脂肪由来幹細胞を用いた治療,安全未来特定認定再生医療等委員会,全身 (神経/皮膚/血液/筋肉/骨/リンパ/など),自分の細胞を用いる治療,治療
医療法人社団HELENE 表参道ヘレネクリニック,東京都港区南青山5-9-15 青山OHMOTOビル3F,東京都,小林奈々,MACCE (Major Adverse Cardiac and Cerebrovascular Events)低減を目的とする自己脂肪由来幹細胞の投与,一般社団法人再生医療協会 特定認定再生医療等委員会,胸部 (胸/心臓/循環器/血管/呼吸器/乳房/脊髄/肩/背中/など),自分の細胞を用いる治療,治療
医療法人社団　顕伊会　さい整形外科クリニック,東京都葛飾区堀切3丁目35-10　ｙビル101,東京都,祭　友昭,多血小板血漿（Platelet-rich plasma：PRP）を用いた整形外科疾患に対する治療,安全未来特定認定再生医療等委員会,四肢 (手/腕/足/肘/膝/関節/など),濃縮した血小板を用いる治療,治療
医療法人社団こうのとり会ファティリティクリニック東京,東京都渋谷区東三丁目１３番１１号　Ａ－ＰＬＡＣＥ恵比寿東１階,東京都,院長　小田原　靖,難治性不妊に対する多血小板血漿（PRP）を用いた不妊治療,CONCIDE特定認定再生医療等委員会,下半身 (腰/泌尿器/肛門/子宮/卵巣/陰部/など),濃縮した血小板を用いる治療,治療
医療法人社団ベル美容外科クリニック,東京都渋谷区道玄坂1‐18-3 プレミア道玄坂ビル4階,東京都,飯塚　雄久,しわ・たるみなど皮膚の加齢性変化に対する自己脂肪由来幹細胞を用いた治療,安全未来特定認定再生医療等委員会,全身 (神経/皮膚/血液/筋肉/骨/リンパ/など),自分の細胞を用いる治療,治療
医療法人社団ベル美容外科クリニック,東京都渋谷区道玄坂 1-18-3 プレミア道玄坂ビル4F,東京都,飯塚　雄久,アトピー性皮膚炎患者の主症状に対する自己脂肪由来幹細胞による治療,一般社団法人再生医療安全未来委員会 安全未来特定認定再生医療等委員会,全身 (神経/皮膚/血液/筋肉/骨/リンパ/など),自分の細胞を用いる治療,治療
医療法人社団優恵会 銀座よしえクリニック都立大院,東京都目黒区平町1-23-14 EMON,東京都,青木　晃,脂肪由来間葉系幹細胞を用いたアトピー性皮膚炎の治療,安全未来特定認定再生医療等委員会,全身 (神経/皮膚/血液/筋肉/骨/リンパ/など),自分の細胞を用いる治療,治療
医療法人社団公人会　みむろウィメンズクリニック,東京都町田市中町一丁目２番５号　SHELLMIYAKOV２階,東京都,三室　卓久,難治性不妊に対する多血小板血漿（PRP）を用いた不妊治療,CONCIDE特定認定再生医療等委員会,下半身 (腰/泌尿器/肛門/子宮/卵巣/陰部/など),濃縮した血小板を用いる治療,治療
医療法人社団喜美会　自由が丘クリニック,東京都目黒区八雲３－１２－１０パークヴィラ２０２．２０３,東京都,中北　信昭,自家培養真皮線維芽細胞移植術,再生医療普及協会 特定認定再生医療等委員会,全身 (神経/皮膚/血液/筋肉/骨/リンパ/など),自分の細胞を用いる治療,治療
医療法人社団杉一会　杉山産婦人科新宿,東京都新宿区西新宿一丁目１９番６号　山手新宿ビル２階,東京都,中川　浩次,難治性不妊に対する多血小板血漿（PRP）を用いた不妊治療,CONCIDE特定認定再生医療等委員会,下半身 (腰/泌尿器/肛門/子宮/卵巣/陰部/など),濃縮した血小板を用いる治療,治療
医療法人社団杉四会　杉山産婦人科丸の内,東京都千代田区丸の内一丁目６番２号　新丸の内センタービルディング５階,東京都,栗林　靖,難治性不妊に対する多血小板血漿（PRP）を用いた不妊治療,CONCIDE特定認定再生医療等委員会,下半身 (腰/泌尿器/肛門/子宮/卵巣/陰部/など),濃縮した血小板を用いる治療,治療
医療法人社団禅 銀座禅クリニック,東京都中央区銀座５丁目５−１４ JPR銀座並木通 りビル１１階,東京都,コッツフォード　良枝,しわ・たるみなど皮膚の加齢性変化に対する自己脂肪由来幹細胞を用いた治療,安全未来特定認定再生医療等委員会,全身 (神経/皮膚/血液/筋肉/骨/リンパ/など),自分の細胞を用いる治療,治療
医療法人社団禅　銀座禅クリニック,東京都東京都中央区銀座５丁目５−１４ JPR銀座並木通りビル１１階,東京都,コッツフォード　良枝,脂肪由来間葉系幹細胞を用いたアトピー性皮膚炎の治療,安全未来特定認定再生医療等委員会,全身 (神経/皮膚/血液/筋肉/骨/リンパ/など),自分の細胞を用いる治療,治療
南新宿整形外科 リハビリテーションクリニック,東京都東京都渋谷区代々木二丁目１６番７号　山葉ビルメディカルセンター４階,東京都,橋本　三四郎,SVF（Stromal Vascular Fraction）を用いた関節痛、変形性関節症に対する疼痛改善を目的とした治療,日本先進医療医師会特定認定再生医療等委員会,四肢 (手/腕/足/肘/膝/関節/など),自分の細胞を用いる治療,治療
日本医科大学付属病院,東京都文京区千駄木1-1-5,東京都,汲田 伸一郎,多血小板血漿（PRP）の投与による変形性関節症治療,日本先進医療医師会特定認定再生医療等委員会,四肢 (手/腕/足/肘/膝/関節/など),濃縮した血小板を用いる治療,治療
東京プライベートクリニック,東京都中央区銀座5-1-15 第一御幸ビル3階,東京都,金田　真由美,自己脂肪由来間葉系幹細胞を用いた動脈硬化症に対する治療,安全未来特定認定再生医療等委員会,全身 (神経/皮膚/血液/筋肉/骨/リンパ/など),自分の細胞を用いる治療,治療
社会福祉法人白十字会　東京白十字病院,東京都東村山市諏訪町2-26-1,東京都,小和田　誠,多血小板血漿（Platelet-rich plasma：PRP）を用いた変形性関節症治療,安全未来特定認定再生医療等委員会,四肢 (手/腕/足/肘/膝/関節/など),濃縮した血小板を用いる治療,治療
西新宿整形外科クリニック,東京都新宿区西新宿7-21-3 西新宿大京ビル7F,東京都,院長　川原　昭久,多血小板血漿（PRP）の投与による変形性関節症治療,日本先進医療医師会特定認定再生医療等委員会,四肢 (手/腕/足/肘/膝/関節/など),濃縮した血小板を用いる治療,治療
銀座CPCクリニック,東京都中央区銀座2丁目5-11　V88ビルディング8F,東京都,辻　晋作,皮膚の加齢性変化に対しての自己脂肪由来間葉系幹細胞を用いた局所注射療法,安全未来特定再生医療等委員会,四肢 (手/腕/足/肘/膝/関節/など),自分の細胞を用いる治療,治療
銀座CPCクリニック,東京都中央区銀座2丁目5-11　V88ビルディング8F,東京都,辻　晋作,ざ瘡瘢痕に対する自己脂肪由来間葉系幹細胞を用いた静脈注射治療,安全未来特定認定再生医療等委員会,全身 (神経/皮膚/血液/筋肉/骨/リンパ/など),自分の細胞を用いる治療,治療
銀座CPCクリニック,東京都中央区銀座2丁目5-11　V88ビルディング8F,東京都,辻　晋作,自己脂肪由来間葉系幹細胞を用いた関節痛、変形性関節症治療,安全未来特定認定再生医療等委員会,四肢 (手/腕/足/肘/膝/関節/など),自分の細胞を用いる治療,治療
銀座聖愛わクリニック,東京都中央区銀座5-10-2　 GINZA MISS PARIS10F,東京都,院長　唐堂　愉司,自己脂肪由来幹細胞を用いた肝障害の治療,ヴィヴィアン特定認定再生医療等委員会,腹部 (お腹/胃/腸/食道/肝臓/胆のう/胆管/膵臓/腎臓/など),自分の細胞を用いる治療,治療
銀座聖愛わクリニック,東京都中央区銀座5-10-2 GINZA MISS PARIS10F,東京都,院長 唐堂 愉司,自己脂肪由来幹細胞を用いた顔面萎縮症・皮膚再生治療,ヴィヴィアン特定認定再生医療等委員会,全身 (神経/皮膚/血液/筋肉/骨/リンパ/など),自分の細胞を用いる治療,治療
銀座聖愛わクリニック,東京都中央区銀座5-10-2 GINZA MISS PARIS10F,東京都,院長 唐堂 愉司,自己脂肪由来幹細胞を用いた糖尿病の治療,ヴィヴィアン特定認定再生医療等委員会,その他 (がん・腫瘍/免疫/アレルギー/こころ/など),自分の細胞を用いる治療,治療
銀座聖愛わクリニック,東京都中央区銀座5-10-2 GINZA MISS PARIS10F,東京都,院長 唐堂 愉司,自己脂肪由来幹細胞を用いた変形性関節症の治療,ヴィヴィアン特定認定再生医療等委員会,四肢 (手/腕/足/肘/膝/関節/など),自分の細胞を用いる治療,治療
銀座聖愛わクリニック,東京都中央区銀座5-10-2 GINZA MISS PARIS10F,東京都,院長 唐堂 愉司,多血小板血漿(Acti-PRP)を用いた変形性関節症の治療,ヴィヴィアン特定認定再生医療等委員会,四肢 (手/腕/足/肘/膝/関節/など),濃縮した血小板を用いる治療,治療
センター南ＧＯＴＯクリニック,神奈川県横浜市都筑区茅ヶ崎中央１－２　センター南光ビル　４階,神奈川,院長　後藤　秀隆,多血小板血漿抽出液による関節症治療,ヴィヴィアン特定認定再生医療等委員会,四肢 (手/腕/足/肘/膝/関節/など),濃縮した血小板を用いる治療,治療
医療法人　船洲会　船洲会歯科診療所,神奈川県横浜市中区山下町2番地産業貿易センタービル３階,神奈川,石井　博之,歯髄幹細胞による歯槽骨、顎骨の治療,安全未来特定認定再生医療等委員会,頭部 (目(眼)/鼻/耳/口/歯/歯肉/顎/喉/脳/顔/毛髪/首/など),自分の細胞を用いる治療,治療
医療法人社団慶友会第一病院,神奈川県川崎市川崎区元木２-7-2,神奈川,方波見　剛,多血小板血漿（Platelet-rich plasma：PRP）を用いた関節内疾患に対する治療,安全未来特定認定再生医療等委員会,四肢 (手/腕/足/肘/膝/関節/など),濃縮した血小板を用いる治療,治療
医療法人社団活寿会 横浜ひざ関節症クリニック,神奈川県横浜市西区北幸1-1-8 エキニア横浜8F 802A,神奈川,尾辻 正樹,脂肪組織由来幹細胞（ASC）の投与による関節治療,日本先進医療医師会 特定認定再生医療等委員会,その他 (がん・腫瘍/免疫/アレルギー/こころ/など),自分の細胞を用いる治療,治療
医療法人緑樹会　あおば整形外科,神奈川県横浜市青葉区しらとり台１番地１２　グリーングラスビル,神奈川,院長　宮田　庸,多血小板血漿抽出液による関節症治療,ヴィヴィアン特定認定再生医療等委員会,四肢 (手/腕/足/肘/膝/関節/など),濃縮した血小板を用いる治療,治療
医療法人財団明理会　東戸塚記念病院,神奈川県横浜市戸塚区品濃町５４８－７,神奈川,院長　山崎　謙,多血小板血漿抽出液による関節症治療,ヴィヴィアン特定認定再生医療等委員会,四肢 (手/腕/足/肘/膝/関節/など),濃縮した血小板を用いる治療,治療
原整形外科医院,神奈川県横浜市南区弘明寺町268,神奈川,原　貞夫,多血小板血漿（PRP）による変形性膝関節症治療,CONCIDE 特定認定再生医療等委員会,四肢 (手/腕/足/肘/膝/関節/など),濃縮した血小板を用いる治療,治療
社会福祉法人聖隷福祉事業団　聖隷横浜病院,神奈川県横浜市保土ケ谷区岩井町２１５,神奈川,院長　大内　基史,多血小板血漿抽出液による関節症治療,ヴィヴィアン特定認定再生医療等委員会,四肢 (手/腕/足/肘/膝/関節/など),濃縮した血小板を用いる治療,治療
独立行政法人地域医療機能推進機構　山梨病院,山梨県甲府市朝日三丁目１１-１６,山梨県,野方　尚,多血小板血漿（Platelet-rich plasma：PRP）を用いた変形性関節症治療,安全未来特定認定再生医療等委員会,四肢 (手/腕/足/肘/膝/関節/など),濃縮した血小板を用いる治療,治療
錦野クリニック,静岡県藤枝市青葉町２丁目１－４７,静岡県,錦野　光浩,多血小板血漿（Platelet-rich plasma：PRP）を用いた整形外科疾患に対する治療,安全未来特定認定再生医療等委員会,四肢 (手/腕/足/肘/膝/関節/など),濃縮した血小板を用いる治療,治療
おち夢クリニック名古屋,愛知県名古屋市中区丸の内3丁目19-12　久屋パークサイドビル８階,愛知県,院長　越知　正憲,難治性不妊に対する多血小板血漿（PRP）を用いた不妊治療,CONCIDE特定認定再生医療等委員会,下半身 (腰/泌尿器/肛門/子宮/卵巣/陰部/など),濃縮した血小板を用いる治療,治療
医療法人紫雪会　えさき整形外科リウマチ科,愛知県名古屋市南区鶴田一丁目7番26号,愛知県,向藤原 由花,多血小板血漿（PRP）の投与による変形性関節症治療,日本先進医療医師会 特定認定再生医療等委員会,四肢 (手/腕/足/肘/膝/関節/など),濃縮した血小板を用いる治療,治療
医療法人社団恵仁会なぎ辻病院,京都府京都市山科区椥辻東潰5番1,京都府,院長　桑原　仁美,難治性神経変性疾患（筋萎縮性側索硬化症〈ＡＬＳ〉、脊髄小脳変性症〈ＳＣＤ〉、レビー小体病〈ＤＬＢ〉、進行性核上性麻痺〈ＰＳＰ〉）に対するヒト自己脂肪組織由来間葉系幹細胞を用いた治療,医療法人財団康生会武田病院特定認定再生医療等委員会,頭部 (目(眼)/鼻/耳/口/歯/歯肉/顎/喉/脳/顔/毛髪/首/など),自分の細胞を用いる治療,治療
医療法人社団恵仁会なぎ辻病院,京都府京都市山科区椥辻東潰5番1,京都府,院長　桑原　仁美,難治性呼吸器間質性疾患（肺気腫＜ＣＯＰＤを含む＞、特発性肺線維症＜ＩＰＦ＞、間質性肺炎）に対するヒト自己脂肪組織由来間葉系幹細胞を用いた治療,医療法人財団康生会武田病院特定認定再生医療等委員会,胸部 (胸/心臓/循環器/血管/呼吸器/乳房/脊髄/肩/背中/など),自分の細胞を用いる治療,治療
宇治武田病院,京都府宇治市宇治里尻３６－２６,京都府,院長　金　郁喆,多血小板血漿抽出液による関節症治療,ヴィヴィアン特定認定再生医療等委員会,四肢 (手/腕/足/肘/膝/関節/など),濃縮した血小板を用いる治療,治療
一般財団法人 桜林会免疫療法研究所 北新地さくらクリニック,大阪府大阪市北区曽根崎新地1丁目4-20桜橋IMビル12F,大阪府,貫戸 幸星,慢性疼痛に対する自己骨髄由来幹細胞による治療,安全未来特定認定再生医療等委員会,全身 (神経/皮膚/血液/筋肉/骨/リンパ/など),自分の細胞を用いる治療,治療
医療法人三慧会　HORACグランフロント大阪クリニック,大阪府大阪市北区大深町3番1号　グランフロント大阪タワーB 15階,大阪府,理事長　森本　義晴,難治性不妊に対する多血小板血漿（PRP）を用いた不妊治療,CONCIDE特定認定再生医療等委員会,下半身 (腰/泌尿器/肛門/子宮/卵巣/陰部/など),濃縮した血小板を用いる治療,治療
医療法人前幸会　ささゆりヘルスクリニック,大阪府泉佐野市高松東１丁目10-37 泉佐野センタービル1階,大阪府,前原　律子,自家培養真皮線維芽細胞移植術,再生医療普及協会 特定認定再生医療等委員会,全身 (神経/皮膚/血液/筋肉/骨/リンパ/など),自分の細胞を用いる治療,治療
医療法人恵聖会　恵聖会クリニック心斎橋院,大阪府大阪市中央区東心斎橋1-7-30　21心斎橋ビル8F,大阪府,菅野　兼史,皮膚の加齢性変化に対しての自己脂肪由来間葉系幹細胞を用いた局所注射療法,安全未来特定再生医療等委員会,全身 (神経/皮膚/血液/筋肉/骨/リンパ/など),自分の細胞を用いる治療,治療
医療法人恵聖会　恵聖会クリニック心斎橋院,大阪府大阪市中央区東心斎橋1-7-30　21 心斎橋ビル8F,大阪府,菅野　兼史,ざ瘡瘢痕に対する自己脂肪由来間葉系幹細胞を用いた静脈注射治療,安全未来特定認定再生医療等委員会,全身 (神経/皮膚/血液/筋肉/骨/リンパ/など),自分の細胞を用いる治療,治療
医療法人慶春会 福永記念診療所,大阪府大阪市城東区中央1－9－33 泉秀園城東ビル2階,大阪府,高井 俊輔,慢性疼痛に対する自己脂肪由来幹細胞による治療,安全未来特定認定再生医療等委員会,全身 (神経/皮膚/血液/筋肉/骨/リンパ/など),自分の細胞を用いる治療,治療
医療法人讃高会　高井病院,大阪府枚方市津田西町１－３７－８,大阪府,院長　樋口　直彦,多血小板血漿抽出液による関節症治療,ヴィヴィアン特定認定再生医療等委員会,四肢 (手/腕/足/肘/膝/関節/など),濃縮した血小板を用いる治療,治療
社会医療法人愛仁会　高槻病院,大阪府高槻市古曽部町1-3-13,大阪府,髙岡　秀幸,脊髄損傷(SCI)に対する脂肪組織由来再生幹細胞を用いた細胞医療,安全未来特定認定再生医療等委員会,胸部 (胸/心臓/循環器/血管/呼吸器/乳房/脊髄/肩/背中/など),自分の細胞を用いる治療,治療
医療法人社団　中神クリニック,兵庫県神戸市西区狩場台３丁目９－８,兵庫県,中神　祐介,多血小板血漿（PRP）による変形性膝関節症治療,CONCIDE 特定認定再生医療等委員会,四肢 (手/腕/足/肘/膝/関節/など),濃縮した血小板を用いる治療,治療
医療法人社団　徐クリニック,兵庫県西宮市松籟荘10番25号,兵庫県,理事長　徐　東舜,難治性不妊に対する多血小板血漿（PRP）を用いた不妊治療,CONCIDE特定認定再生医療等委員会,女性（乳・子宮・卵巣など）,濃縮した血小板を用いる治療,治療
医療法人社団佳和会　中山クリニック,兵庫県明石市魚住町金ケ崎３７０,兵庫県,理事長　中山　潤一,多血小板血漿抽出液による関節症治療,ヴィヴィアン特定認定再生医療等委員会,四肢 (手/腕/足/肘/膝/関節/など),濃縮した血小板を用いる治療,治療
医療法人社団慶愛会　森口整形外科,兵庫県伊丹市鈴原町１丁目９号３番,兵庫県,院長　森口　和哉,多血小板血漿抽出液による関節症治療,ヴィヴィアン特定認定再生医療等委員会,四肢 (手/腕/足/肘/膝/関節/など),濃縮した血小板を用いる治療,治療
大井クリニック,兵庫県西宮市名次町５－２４,兵庫県,院長　大井　雄紀,多血小板血漿抽出液による関節症治療,ヴィヴィアン特定認定再生医療等委員会,四肢 (手/腕/足/肘/膝/関節/など),濃縮した血小板を用いる治療,治療
芦屋セントマリア病院,兵庫県芦屋市朝日ヶ丘８－２２,兵庫県,院長　伊藤　直人,多血小板血漿抽出液による関節症治療,ヴィヴィアン特定認定再生医療等委員会,四肢 (手/腕/足/肘/膝/関節/など),濃縮した血小板を用いる治療,治療
英ウイメンズセントラルファティリティクリニック,兵庫県神戸市中央区三宮町一丁目１番２号三宮セントラルビル７・８階,兵庫県,苔口　昭次,難治性不妊に対する多血小板血漿（PRP）を用いた不妊治療,CONCIDE特定認定再生医療等委員会,下半身 (腰/泌尿器/肛門/子宮/卵巣/陰部/など),濃縮した血小板を用いる治療,治療
社会医療法人高清会　香芝旭ヶ丘病院,奈良県香芝市上中８３９番地,奈良県,院長　北川　洋,多血小板血漿抽出液による関節症治療,ヴィヴィアン特定認定再生医療等委員会,四肢 (手/腕/足/肘/膝/関節/など),濃縮した血小板を用いる治療,治療
独立行政法人労働者健康安全機構　中国労災病院,広島県呉市広多賀谷１丁目５番１号,広島県,院長　栗栖　薫,多血小板血漿抽出液による関節症治療,ヴィヴィアン特定認定再生医療等委員会,四肢 (手/腕/足/肘/膝/関節/など),濃縮した血小板を用いる治療,治療
社会医療法人里仁会　興生総合病院,広島県三原市円一町2丁目5番1号,広島県,藤原 恒太郎,多血小板血漿（Platelet-rich plasma：PRP）を用いた変形性関節症治療,安全未来特定認定再生医療等委員会,四肢 (手/腕/足/肘/膝/関節/など),濃縮した血小板を用いる治療,治療
山口県厚生農業協同組合連合会　小郡第一総合病院,山口県山口市小郡下郷862番地3,山口県,藤井　裕之,多血小板血漿（Platelet-rich plasma：PRP）を用いた変形性関節症治療,安全未来特定認定再生医療等委員会,四肢 (手/腕/足/肘/膝/関節/など),濃縮した血小板を用いる治療,治療
愛媛大学医学部附属病院,愛媛県東温市志津川,愛媛県,杉山　隆,多血小板血漿（Platelet-rich plasma：PRP）を用いた変形性関節症治療,安全未来特定認定再生医療等委員会,四肢 (手/腕/足/肘/膝/関節/など),濃縮した血小板を用いる治療,治療
医療法人緑風会　海里マリン病院,高知県高知市仁井田１６１７－５,高知県,院長　中谷　孝,多血小板血漿抽出液による関節症治療,ヴィヴィアン特定認定再生医療等委員会,四肢 (手/腕/足/肘/膝/関節/など),濃縮した血小板を用いる治療,治療
医療法人かつの整形外科リハビリテーション科,福岡県福岡市西区福重4丁目7-6　2F,福岡県,勝野　雷二郎,多血小板血漿（Platelet-rich plasma：PRP）を用いた整形外科疾患に対する治療,安全未来特定認定再生医療等委員会,四肢 (手/腕/足/肘/膝/関節/など),濃縮した血小板を用いる治療,治療
医療法人社団禮聖会 トリニティクリニック福岡,福岡県福岡市東区松島6丁目14番22号,福岡県,院長　梁　昌煕,自家脂肪由来間葉系幹細胞を用いた関節リウマチの治療,特定非営利活動法人先端医療推進機構特定認定再生医療等委員会名古屋,その他 (がん・腫瘍/免疫/アレルギー/こころ/など),自分の細胞を用いる治療,治療
医療法人社団高邦会　高木病院,福岡県大川市大字酒見141-11,福岡県,外　須美夫,難治性不妊に対する多血小板血漿（PRP）を用いた不妊治療,CONCIDE特定認定再生医療等委員会,下半身 (腰/泌尿器/肛門/子宮/卵巣/陰部/など),濃縮した血小板を用いる治療,治療
後藤整形外科医院,福岡県福岡市中央区鳥飼１丁目５−４５鳥飼中央ビル１Ｆ,福岡県,院長　後藤　徳雄,多血小板血漿抽出液による関節症治療,ヴィヴィアン特定認定再生医療等委員会,四肢 (手/腕/足/肘/膝/関節/など),濃縮した血小板を用いる治療,治療
社会医療法人北九州病院　北九州総合病院,福岡県北九州市小倉北区東城野町１番１号,福岡県,院長　永田　直幹,多血小板血漿抽出液による関節症治療,ヴィヴィアン特定認定再生医療等委員会,四肢 (手/腕/足/肘/膝/関節/など),濃縮した血小板を用いる治療,治療
医療法人増田整形外科,長崎県佐世保市高砂町４－２１,長崎県,理事長　増田　賢一,多血小板血漿抽出液による関節症治療,ヴィヴィアン特定認定再生医療等委員会,四肢 (手/腕/足/肘/膝/関節/など),濃縮した血小板を用いる治療,治療
医療法人社団友志会 翼ハロー歯科・内科診療所,熊本県熊本市東区画図町重富 529-1,熊本県,院長　長　也寸志,自己脂肪由来幹細胞を用いた慢性疼痛の治療,ヴィヴィアン特定認定再生医療等委員会,全身 (神経/皮膚/血液/筋肉/骨/リンパ/など),自分の細胞を用いる治療,治療
熊本整形外科病院,熊本県熊本市中央区新屋敷1丁目17-1,熊本県,生田　拓也,多血小板血漿（Platelet-rich plasma：PRP）を用いた整形外科疾患に対する治療,安全未来特定認定再生医療等委員会,四肢 (手/腕/足/肘/膝/関節/など),濃縮した血小板を用いる治療,治療
医療法人友光会　整形外科　フレンドクリニック,宮崎県小林市細野１３４番地１５,宮崎県,理事長　押領司　光雄,多血小板血漿抽出液による関節症治療,ヴィヴィアン特定認定再生医療等委員会,四肢 (手/腕/足/肘/膝/関節/など),濃縮した血小板を用いる治療,治療
医療法人クオラ　クオラリハビリテーション病院あいら,鹿児島県姶良市西餅田２３００番地１,鹿児島,院長　岩根　祐二,多血小板血漿抽出液による関節症治療,ヴィヴィアン特定認定再生医療等委員会,四肢 (手/腕/足/肘/膝/関節/など),濃縮した血小板を用いる治療,治療
医療法人八重瀬会　同仁病院,沖縄県浦添市城間１－３７－１２,沖縄県,理事長　山内　裕樹,多血小板血漿抽出液による関節症治療,ヴィヴィアン特定認定再生医療等委員会,四肢 (手/腕/足/肘/膝/関節/など),濃縮した血小板を用いる治療,治療
医療法人愛和会エルム駅前歯科医院クリスタル,北海道旭川市1条通6丁目78-1,北海道,増木　英郎,成長・増殖因子を含む血漿PRGF( Plasma Rich in Growth Factors )を利用した硬・軟組織の再生医療,東京形成歯科研究会再生医療等委員会,頭部 (目(眼)/鼻/耳/口/歯/歯肉/顎/喉/脳/顔/毛髪/首/など),濃縮した血小板を用いる治療,治療
医療法人社団我汝会　えにわ病院,北海道恵庭市黄金中央２丁目１番地１,北海道,院長　百町　貴彦,自家多血小板血漿を用いた靭帯・腱及び腱付着部の機能障害・疾患の治療,ヴィヴィアン認定再生医療等委員会,四肢 (手/腕/足/肘/膝/関節/など),濃縮した血小板を用いる治療,治療
デンタルクリニック駒井,岩手県宮古市上鼻2丁目2-1,岩手県,院長 駒井 豊一,自家血小板含有フィブリンゲル（CGF：concentrated growth factors）を利用した口腔内組織の再生医療,医療法人社団順朋会再生医療等委員会,頭部 (目(眼)/鼻/耳/口/歯/歯肉/顎/喉/脳/顔/毛髪/首/など),濃縮した血小板を用いる治療,治療
菅典道クリニック,京都府京都市左京区下鴨梁田町１８－１大晋メゾネ下鴨本通１F,京都府,菅典道,癌性胸腹水に対するOK-432前投与併用養子免疫細胞療法,特定非営利活動法人先端医療推進機構　認定再生医療等委員会名古屋,その他 (がん・腫瘍/免疫/アレルギー/こころ/など),免疫細胞を用いる治療,治療
医療法人MSCA 御茶園通り歯科クリニック,茨城県水戸市千波町462-6,茨城県,理事長　髙橋佳男,口腔インプラント治療に伴うCGF（Concentrated Growth Factors：自己血液由来血小板成長因子含有フィブリンゲル）法による顎骨再生術又は歯周組織再生術,オカムラ歯科認定再生医療等委員会,頭部 (目(眼)/鼻/耳/口/歯/歯肉/顎/喉/脳/顔/毛髪/首/など),濃縮した血小板を用いる治療,治療
医療法人社団　筑波記念会　筑波記念病院,茨城県茨城県つくば市要1187-299,茨城県,長澤 俊郎,自家多血小板血漿（PRP）を用いた腱付着部炎・腱障害・筋損傷・靭帯損傷（関節外に限る）治療,医療法人清悠会　認定再生医療等委員会,四肢 (手/腕/足/肘/膝/関節/など),濃縮した血小板を用いる治療,治療
慶友整形外科クリニック,群馬県館林市羽附町1741,群馬県,鵜飼康二,高白血球多血小板血漿（leukocyte rich PRP：LR-PRP）を用いた膝蓋腱炎、上腕骨外側顆炎、腱板炎、足底筋膜炎、靭帯損傷、腱鞘炎の修復,特定非営利活動法人先端医療推進機構　認定再生医療等委員会名古屋,四肢 (手/腕/足/肘/膝/関節/など),濃縮した血小板を用いる治療,治療
慶友整形外科クリニック,群馬県館林市羽附町1741,群馬県,鵜飼康二,小白血球多血小板血漿（leukocyte poor PRP：LP-PRP）を用いた膝蓋腱炎、上腕骨外側顆炎、腱板炎、足底筋膜炎、靭帯損傷、腱鞘炎の修復,特定非営利活動法人先端医療推進機構　認定再生医療等委員会名古屋,四肢 (手/腕/足/肘/膝/関節/など),濃縮した血小板を用いる治療,治療
スマイル歯科,埼玉県朝霞市根岸台6-8-35 根岸台クリニックビル202,埼玉県,田中　慎一,口腔インプラント治療に伴うCGF（Concentrated Growth Factors：自己血液由来血小板成長因子含有フィブリンゲル）法による顎骨再生術又は歯周組織再生術,オカムラ歯科認定再生医療等委員会,頭部 (目(眼)/鼻/耳/口/歯/歯肉/顎/喉/脳/顔/毛髪/首/など),濃縮した血小板を用いる治療,治療
医療法人本庄福島病院 本庄総合病院,埼玉県本庄市大字北堀1780番地,埼玉県,草間 芳樹,多血小板血漿(PRP)の投与によるスポーツ外傷を含む筋、腱、靱帯損傷治療,日本先進医療医師会 再生医療等委員会,四肢 (手/腕/足/肘/膝/関節/など),濃縮した血小板を用いる治療,治療
橋本歯科医院,埼玉県川口市栄町1-1-20,埼玉県,院長 橋本 英子,自家血小板含有フィブリンゲル（CGF：concentrated growth factors）を利用した口腔内組織の再生医療,医療法人社団順朋会再生医療等委員会,頭部 (目(眼)/鼻/耳/口/歯/歯肉/顎/喉/脳/顔/毛髪/首/など),濃縮した血小板を用いる治療,治療
こばやし歯科医院,千葉県千葉市若葉区小倉町829-2　2F,千葉県,院長 小林 健一,自家血小板含有フィブリンゲル（CGF：concentrated growth factors）を利用した口腔内組織の再生医療,医療法人社団順朋会再生医療等委員会,頭部 (目(眼)/鼻/耳/口/歯/歯肉/顎/喉/脳/顔/毛髪/首/など),濃縮した血小板を用いる治療,治療
医療法人社団愛葵会　東京形成美容外科,千葉県船橋市本町六丁目6番1号 北翔ビル3階,千葉県,弓削田　浩主,PRP(多血小板血漿Platelet Rich Plasma)を用いた皮膚の再生を目的とした再生医療,日本先進医療医師会再生医療等委員会,全身 (神経/皮膚/血液/筋肉/骨/リンパ/など),濃縮した血小板を用いる治療,治療
東京歯科大学市川総合病院,千葉県市川市菅野５－１１－１３,千葉県,病院長　西田　次郎,多血小板血漿を用いた靭帯・腱及び腱付着部の機能障害・疾患の治療,ヴィヴィアン認定再生医療等委員会,四肢 (手/腕/足/肘/膝/関節/など),濃縮した血小板を用いる治療,治療
医療法人社団　葵会　AOI国際病院,神奈川県川崎市川崎区田町2-9-1,神奈川,古川　良幸,呼吸器又は消化器の悪性腫瘍に対するNK細胞療法（血管内投与）,AOI国際病院認定再生医療等委員会,その他 (がん・腫瘍/免疫/アレルギー/こころ/など),免疫細胞を用いる治療,治療
AKuA Dental Clinic,東京都港区新橋5-8-3　代市ビル6F,東京都,院長 長谷川 義道,自家多血小板血漿（PRP：Platelet Rich Plasma）を利用した口腔内組織の再生医療,医療法人社団順朋会再生医療等委員会,頭部 (目(眼)/鼻/耳/口/歯/歯肉/顎/喉/脳/顔/毛髪/首/など),濃縮した血小板を用いる治療,治療
AKuA Dental Clinic,東京都港区新橋5-8-3　代市ビル6F,東京都,院長 長谷川 義道,自家血小板含有フィブリンゲル（CGF：concentrated growth factors）を利用した口腔内組織の再生医療,医療法人社団順朋会再生医療等委員会,頭部 (目(眼)/鼻/耳/口/歯/歯肉/顎/喉/脳/顔/毛髪/首/など),濃縮した血小板を用いる治療,治療
医療法人社団　葵会　AOI国際病院,神奈川県川崎市川崎区田町2-9-1,神奈川,古川　良幸,呼吸器又は消化器の悪性腫瘍に対するアルファ・ベータT細胞療法（血管内投与）,AOI国際病院認定再生医療等委員会,その他 (がん・腫瘍/免疫/アレルギー/こころ/など),免疫細胞を用いる治療,治療
医療法人社団　葵会　AOI国際病院,神奈川県川崎市川崎区田町2-9-1,神奈川,古川　良幸,呼吸器又は消化器の悪性腫瘍に対するガンマ・デルタT細胞療法（血管内投与）,AOI国際病院認定再生医療等委員会,その他 (がん・腫瘍/免疫/アレルギー/こころ/など),免疫細胞を用いる治療,治療
GINZA SKINCELL CLINIC,東京都中央区銀座３－４－１５菱進ビル６階,東京都,院長　佐藤　達雄,自己多血小板血漿(PRP)を用いたしみ、しわ、たるみ、老化した皮膚等の若返り治療,特定非営利活動法人　日本アンチエイジング医療協会　認定再生医療等委員会,全身 (神経/皮膚/血液/筋肉/骨/リンパ/など),濃縮した血小板を用いる治療,治療
MALO CLINIC TOKYO,東京都中央区銀座7-8-10　FUKUHARA GINZA 8F,東京都,院長 下尾 嘉昭,自家多血小板フィブリン（PRF：Platelet Rich Fibrin）を利用した口腔内組織の再生医療,医療法人社団順朋会再生医療等委員会,頭部 (目(眼)/鼻/耳/口/歯/歯肉/顎/喉/脳/顔/毛髪/首/など),濃縮した血小板を用いる治療,治療
医療法人社団　葵会　AOI国際病院,神奈川県川崎市川崎区田町2-9-1,神奈川,古川　良幸,呼吸器又は消化器の悪性腫瘍に対する樹状細胞（DC）ワクチン療法,AOI国際病院認定再生医療等委員会,その他 (がん・腫瘍/免疫/アレルギー/こころ/など),免疫細胞を用いる治療,治療
あらかわ歯科,東京都荒川区東尾久1-1-2　プレイスカサレリア1F,東京都,院長 西野 潤,自家血小板含有フィブリンゲル（CGF：concentrated growth factors）を利用した口腔内組織の再生医療,医療法人社団順朋会再生医療等委員会,頭部 (目(眼)/鼻/耳/口/歯/歯肉/顎/喉/脳/顔/毛髪/首/など),濃縮した血小板を用いる治療,治療
うめむら歯科医院,東京都江戸川区松江3-11-8,東京都,院長 梅村 匠,自家多血小板フィブリン（PRF：Platelet Rich Fibrin）を利用した口腔内組織の再生医療,医療法人社団順朋会再生医療等委員会,頭部 (目(眼)/鼻/耳/口/歯/歯肉/顎/喉/脳/顔/毛髪/首/など),濃縮した血小板を用いる治療,治療
希望クリニック,愛知県名古屋市中村区名駅南1丁目19番27号 オルバースビルディング名古屋6F,愛知県,堀田 由浩,抗体依存性細胞障害作用（ADCC）効果を高めた活性化自己リンパ球（特殊型リンパ球）を用いた腫瘍残存がんのための治療,プルミエールクリニック認定再生医療等委員会,その他 (がん・腫瘍/免疫/アレルギー/こころ/など),免疫細胞を用いる治療,治療
クリニックフォア新橋,東京都〒105-0004 東京都港区新橋１丁目４−番5号 ヒューリックG10ビル 9F,東京都,院長　圓山　尚,自己多血小板血漿（PRP）を用いたしみ、しわ、たるみ等の老化した皮膚の再生治療,特定非営利活動法人　日本アンチエイジング医療協会　認定再生医療等委員会,全身 (神経/皮膚/血液/筋肉/骨/リンパ/など),濃縮した血小板を用いる治療,治療
デンタルオフィスヴィエント尾山台,東京都世田谷区等々力5-5-11,東京都,院長 髙野 顕一,自家血小板含有フィブリンゲル（CGF：concentrated growth factors）を利用した口腔内の骨及び軟組織の再生医療,医療法人社団順朋会再生医療等委員会,頭部 (目(眼)/鼻/耳/口/歯/歯肉/顎/喉/脳/顔/毛髪/首/など),濃縮した血小板を用いる治療,治療
ナナイロ歯科クリニック,東京都足立区千住橋戸町43　アレグレット掃部宿1階,東京都,院長 石塚 美保,自家血小板含有フィブリンゲル（CGF：concentrated growth factors）を利用した口腔内組織の再生医療,医療法人社団順朋会再生医療等委員会,頭部 (目(眼)/鼻/耳/口/歯/歯肉/顎/喉/脳/顔/毛髪/首/など),濃縮した血小板を用いる治療,治療
ヨシエ歯科医院,東京都港区芝3-27-5,東京都,院長 吉江 浩之,自家血小板含有フィブリンゲル（CGF：concentrated growth factors）を利用した口腔内組織の再生医療,医療法人社団順朋会再生医療等委員会,頭部 (目(眼)/鼻/耳/口/歯/歯肉/顎/喉/脳/顔/毛髪/首/など),濃縮した血小板を用いる治療,治療
医療法人大雅会ふくとみクリニック,大阪府大阪市都島区東野田町２－９－２３晃進ビル４階,大阪府,福富康夫,自家CAT細胞療法（がん免疫細胞療法）,医療法人大雅会　特定認定再生医療等委員会,その他 (がん・腫瘍/免疫/アレルギー/こころ/など),免疫細胞を用いる治療,治療
医療法人社団山栄会　グランプロクリニック銀座,東京都中央区銀座2-8-18,東京都,前田　裕輔,自家NK細胞療法,医療法人清悠会 認定再生医療等委員会,その他 (がん・腫瘍/免疫/アレルギー/こころ/など),免疫細胞を用いる治療,治療
医療法人SMILE LAND BIANCA CLINIC 表参道,東京都港区南青山5丁目11番10号 南青山511ビル2階,東京都,大久保　由有,PRP(多血小板血漿Platelet Rich Plasma)を用いた皮膚の再生を目的とした再生医療,日本先進医療医師会再生医療等委員会,全身 (神経/皮膚/血液/筋肉/骨/リンパ/など),濃縮した血小板を用いる治療,治療
医療法人SMILE LAND BIANCA CLINIC 表参道,東京都港区南青山5丁目11番10号 南青山511ビル2階,東京都,大久保　由有,PRP(多血小板血漿Platelet Rich Plasma)を用いて創傷治癒を促進する補助治療を目的とした再生医療,日本先進医療医師会再生医療等委員会,全身 (神経/皮膚/血液/筋肉/骨/リンパ/など),濃縮した血小板を用いる治療,治療
医療法人二昌会クリニックビザリア銀座,東京都中央区銀座2丁目10番8号 マニエラ銀座ビル3階,東京都,院長　金澤 成行,PRP(多血小板血漿Platelet Rich Plasma)を用いた皮膚の再生を目的とした再生医療,日本先進医療医師会再生医療等委員会,全身 (神経/皮膚/血液/筋肉/骨/リンパ/など),濃縮した血小板を用いる治療,治療
医療法人健真会　城本クリニック　新宿院,東京都新宿区西新宿１－４－２　１４１ビル６F,東京都,田中 真輔,PRP(多血小板血漿Platelet Rich Plasma)を用いた皮膚の再生を目的とした再生医療,日本先進医療医師会再生医療等委員会,全身 (神経/皮膚/血液/筋肉/骨/リンパ/など),濃縮した血小板を用いる治療,治療
医療法人社団 健真美　しらゆりビューティークリニック,東京都新宿区新宿2-11-14健真美ビル,東京都,院長　伊藤孝明,自己多血小板血漿(PRP)を用いたしみ、しわ、たるみ、老化した皮膚等への若返り治療,特定非営利活動法人　日本アンチエイジング医療協会　認定,全身 (神経/皮膚/血液/筋肉/骨/リンパ/など),濃縮した血小板を用いる治療,治療
医療法人社団 大塚歯科,東京都練馬区上石神井四丁目7番27号ホワイトプラザ1階,東京都,院長 大塚 正行,自家血小板含有フィブリンゲル（CGF：concentrated growth factors）を利用した口腔内組織の再生医療,医療法人社団順朋会再生医療等委員会,頭部 (目(眼)/鼻/耳/口/歯/歯肉/顎/喉/脳/顔/毛髪/首/など),濃縮した血小板を用いる治療,治療
リセリングクリニック,大阪府大阪市北区天満橋1-8-40 帝国ホテルプラザ２F,大阪府,久保　青美,自己がん抗原を用いたヒト自己樹状細胞によるがん免疫細胞療法,ICTA特定認定再生医療等委員会,その他 (がん・腫瘍/免疫/アレルギー/こころ/など),免疫細胞を用いる治療,治療
医療法人財団康生会 たけだ診療所,京都府京都市下京区東洞院通七条下る2丁目東塩小路町606番地3 三旺京都駅前ビル1階,京都府,武田　厚子,自己がん抗原を用いたヒト自己樹状細胞によるがん免疫細胞療法,ICTA特定認定再生医療等委員会,その他 (がん・腫瘍/免疫/アレルギー/こころ/など),免疫細胞を用いる治療,治療
プルミエールクリニック,東京都千代田区九段南3-2-12,東京都,星野　泰三,自己がん抗原反応性リンパ球を用いたがん治療,プルミエールクリニック認定再生医療等委員会,その他 (がん・腫瘍/免疫/アレルギー/こころ/など),免疫細胞を用いる治療,治療
医療法人社団ウェルエイジング　Dクリニック東京,東京都千代田区丸の内１丁目１１－１パシフィックセンチュリープレイス 丸の内10F,東京都,安田 吉宏,多血小板血漿を用いた皮膚再生治療,医療法人清悠会認定再生医療等委員会,全身 (神経/皮膚/血液/筋肉/骨/リンパ/など),濃縮した血小板を用いる治療,治療
医療法人社団ウェルエイジング　Dクリニック東京,東京都千代田区丸の内１丁目１１－１パシフィックセンチュリープレイス 丸の内10F,東京都,安田 吉宏,多血小板血漿を用いた頭髪改善治療,医療法人清悠会認定再生医療等委員会,全身 (神経/皮膚/血液/筋肉/骨/リンパ/など),濃縮した血小板を用いる治療,治療
東京女子医科大学病院,東京都新宿区河田町８−１,東京都,田邉　一成,自己活性化ガンマ・デルタ型T細胞を用いたがん免疫療法,東京女子医科大学病院認定再生医療等委員会,その他 (がん・腫瘍/免疫/アレルギー/こころ/など),免疫細胞を用いる治療,治療
医療法人社団剣正会　東上野歯科クリニック,東京都台東区東上野三丁目18番7号　上野駅前ビル3階,東京都,院長 村岡 正弘,自家血小板含有フィブリンゲル（CGF：concentrated growth factors）を利用した口腔内組織の再生医療,医療法人社団順朋会再生医療等委員会,頭部 (目(眼)/鼻/耳/口/歯/歯肉/顎/喉/脳/顔/毛髪/首/など),濃縮した血小板を用いる治療,治療
医療法人社団喜美会自由が丘クリニック,"東京都目黒区八雲三丁目12番10号 パークビラ202,203号",東京都,中北信昭,毛髪の発育を目的とした自家多血小板血漿(PRP)療法,日本美容外科医師会認定再生医療等委員会,頭部 (目(眼)/鼻/耳/口/歯/歯肉/顎/喉/脳/顔/毛髪/首/など),濃縮した血小板を用いる治療,治療
医療法人社団喜美会自由が丘皮膚科クリニック,東京都目黒区八雲三丁目12番10号 パークビラ八雲3階402号,東京都,古山登隆,毛髪の発育を目的とした自家多血小板血漿(PRP)療法,日本美容外科医師会認定再生医療等委員会,頭部 (目(眼)/鼻/耳/口/歯/歯肉/顎/喉/脳/顔/毛髪/首/など),濃縮した血小板を用いる治療,治療
医療法人社団彩恵会 HAIR&SKIN CLINIC SHINJUKU,東京都新宿区新宿三丁目1番22号 ADビル6階,東京都,松田　佳歩,PRP（多血小板血漿Platelet Rich Plasma）を用いた皮膚の再生を目的とした再生医療,日本先進医療医師会再生医療等委員会,全身 (神経/皮膚/血液/筋肉/骨/リンパ/など),濃縮した血小板を用いる治療,治療
医療法人社団彩恵会 HAIR&SKIN CLINIC SHINJUKU,東京都東京都新宿区新宿三丁目1番22号　ADビル6階,東京都,髙平 一成,PRP（多血小板血漿Platelet Rich Plasma）を用いた毛髪の再生を目的とした再生医療,日本先進医療医師会再生医療等委員会,頭部 (目(眼)/鼻/耳/口/歯/歯肉/顎/喉/脳/顔/毛髪/首/など),濃縮した血小板を用いる治療,治療
医療法人社団盛心会　タカラクリニック,東京都品川区東五反田2-3-2 タイセイビル9F,東京都,高良　毅,自己腫瘍組織を用いた腫瘍内浸潤リンパ球（TIL）によるがん免疫細胞療法,ＩＣＴＡ特定認定再生医療等委員会,その他 (がん・腫瘍/免疫/アレルギー/こころ/など),免疫細胞を用いる治療,治療
医療法人社団慶光会 大城クリニック,東京都新宿区信濃町34 JR信濃町駅ビル2F,東京都,院長　大城　貴史,自己多血小板血漿(PRP)を用いた筋・腱・靭帯等の軟部組織再生治療,特定非営利活動法人　日本アンチエイジング医療協会　認定再生医療等委員会,四肢 (手/腕/足/肘/膝/関節/など),濃縮した血小板を用いる治療,治療
医療法人社団成煌会　瑞江整形外科,東京都江戸川区瑞江4-45-1,東京都,院長　金　成道,自己多血小板血漿(PRP)を用いた筋・腱・靭帯等、損傷した運動器組織再生治療,特定非営利活動法人　日本アンチエイジング医療協会　認定再生医療等委員会,四肢 (手/腕/足/肘/膝/関節/など),濃縮した血小板を用いる治療,治療
医療法人社団洪泳会 東京洪誠病院,東京都足立区西新井栄町1-17-25,東京都,金 洪宇,多血小板血漿(PRP)の投与によるスポーツ外傷を含む筋、腱、靱帯損傷治療,安全未来特定認定再生医療等委員会,四肢 (手/腕/足/肘/膝/関節/など),濃縮した血小板を用いる治療,治療
医療法人社団盛心会　タカラクリニック,東京都品川区東五反田2-3-2 タイセイビル9F,東京都,高良　毅,自己腫瘍内浸潤リンパ球（TIL）によるがん免疫細胞療法,ＩＣＴＡ特定認定再生医療等委員会,その他 (がん・腫瘍/免疫/アレルギー/こころ/など),免疫細胞を用いる治療,治療
医療法人社団禅　銀座禅クリニック,東京都中央区銀座五丁目5番14号 JPR銀座並木通りビル11階,東京都,コッツフォード良枝,PRP(多血小板血漿Platelet Rich Plasma)を用いた育毛を目的とした再生医療,日本先進医療医師会再生医療等委員会,頭部 (目(眼)/鼻/耳/口/歯/歯肉/顎/喉/脳/顔/毛髪/首/など),濃縮した血小板を用いる治療,治療
医療法人社団禅　銀座禅クリニック,東京都中央区銀座五丁目5番14号 JPR銀座並木通りビル11階,東京都,コッツフォード良枝,PRP(多血小板血漿Platelet Rich Plasma)を用いた皮膚の再生を目的とした再生医療,日本先進医療医師会再生医療等委員会,全身 (神経/皮膚/血液/筋肉/骨/リンパ/など),濃縮した血小板を用いる治療,治療
医療法人社団美昇会 アルファクリニック新宿院,東京都新宿区新宿３－１１－６エクレ新宿 13F,東京都,院長 曽我部　仁美,自己多血小板血漿(PRP)を用いた創傷の治癒促進、老化した皮膚の修復(顔面、頸部),特定非営利活動法人 日本アンチエイジング医療協会,全身 (神経/皮膚/血液/筋肉/骨/リンパ/など),濃縮した血小板を用いる治療,治療
医療法人社団美昇会 アルファクリニック銀座院,東京都中央区銀座7－3－7ブランエスパ銀座4F,東京都,院長　神澤　敏,自己多血小板血漿(PRP)を用いた創傷の治癒促進、老化した皮膚の修復 (顔面、頸部),特定非営利活動法人 日本アンチエイジング医療協会,全身 (神経/皮膚/血液/筋肉/骨/リンパ/など),濃縮した血小板を用いる治療,治療
医療法人社団盛心会　タカラクリニック,東京都品川区東五反田2-3-2 タイセイビル9F,東京都,高良　毅,自己腫瘍内浸潤リンパ球（TIL）の点滴投与によるがん免疫細胞療法,ＩＣＴＡ特定認定再生医療等委員会,その他 (がん・腫瘍/免疫/アレルギー/こころ/など),免疫細胞を用いる治療,治療
医療法人社団青真会　青山エルクリニック,東京都港区南青山5-10-6 テラアシオス表参道ビル5階,東京都,院長　杉野　宏子,自己多血小板血漿(PRP)を用いた薄毛治療,特定非営利活動法人　日本アンチエイジング医療協会　認定再生医療等委員会,頭部 (目(眼)/鼻/耳/口/歯/歯肉/顎/喉/脳/顔/毛髪/首/など),濃縮した血小板を用いる治療,治療
医療法人社団盛心会　タカラクリニック,東京都品川区東五反田2丁目3-2 タイセイビル9F,東京都,高良　毅,樹状細胞がんワクチン,医療法人 清悠会 認定再生医療等委員会,その他 (がん・腫瘍/免疫/アレルギー/こころ/など),免疫細胞を用いる治療,治療
医療法人輝鳳会　池袋クリニック,東京都豊島区南池袋1丁目25-11　第15野萩ビル7階,東京都,甲　陽平,樹状細胞がんワクチン療法,医療法人 清悠会 認定再生医療等委員会,その他 (がん・腫瘍/免疫/アレルギー/こころ/など),免疫細胞を用いる治療,治療
医療法人涼真会　茶屋ヶ坂眼科クリニック,愛知県名古屋市千種区茶屋が坂2-5-2　AMSビル,愛知県,院長　古田　寿男,樹状細胞がんワクチン療法,医療法人 清悠会 認定再生医療等委員会,その他 (がん・腫瘍/免疫/アレルギー/こころ/など),免疫細胞を用いる治療,治療
東京CRクリニック,東京都中央区日本橋3丁目8-14 日本橋ビル３F,東京都,益田　結子,樹状細胞がんワクチン療法,医療法人 清悠会 認定再生医療等委員会,その他 (がん・腫瘍/免疫/アレルギー/こころ/など),免疫細胞を用いる治療,治療
医療法人社団顕伊会　さい整形外科クリニック,東京都葛飾区堀切3丁目35-10 ｙビル101,東京都,祭　友昭,多血小板血漿（Platelet-rich plasma：PRP）を用いた筋、腱、靭帯損傷、肩腱板損傷に対する治療,安全未来特定認定再生医療等委員会,四肢 (手/腕/足/肘/膝/関節/など),濃縮した血小板を用いる治療,治療
吉田歯科,東京都足立区中央本町2-24-1,東京都,吉田　浩,自己血由来成分PRFを利用した口腔内組織の再生医療,東京形成歯科研究会再生医療等委員会,頭部 (目(眼)/鼻/耳/口/歯/歯肉/顎/喉/脳/顔/毛髪/首/など),濃縮した血小板を用いる治療,治療
東京銀座国際醫院,東京都中央区銀座1-14-4,東京都,田中　聡　院長,樹状細胞がんワクチン療法,医療法人 清悠会 認定再生医療等委員会,その他 (がん・腫瘍/免疫/アレルギー/こころ/など),免疫細胞を用いる治療,治療
新宿中西クリニック,東京都新宿区新宿6-10-1 NISSEI SHINJUKU Bldg.2F,東京都,中西　純也,PRP(多血小板血漿Platelet Rich Plasma)を用いた皮膚の再生を目的とした再生医療,日本先進医療医師会再生医療等委員会,全身 (神経/皮膚/血液/筋肉/骨/リンパ/など),濃縮した血小板を用いる治療,治療
日本体育大学クリニック,東京都世田谷区深沢七丁目1番1号,東京都,平沼 憲治,自家多血小板血漿（Platelet-rich plasma：PRP）を用いた関節機能治療（関節腔外に限る）,医療法人清悠会認定再生医療等委員会,その他 (がん・腫瘍/免疫/アレルギー/こころ/など),濃縮した血小板を用いる治療,治療
日比谷内幸町クリニック,東京都港区新橋1-18-14　 新橋MMビル３階,東京都,禹　雅祥,樹状細胞とリンパ球系細胞の共培養細胞によるがん免疫細胞療法,ＩＣＴＡ特定認定再生医療等委員会,その他 (がん・腫瘍/免疫/アレルギー/こころ/など),免疫細胞を用いる治療,治療
東京美容外科　赤坂院,東京都港区赤坂6−6−3　赤坂IDEAビル2階,東京都,金　福泰,強度・弾力性を失った皮膚の改善を目的とする自家多血小板血漿(PRP)療法,日本美容外科医師会認定再生医療等委員会,全身 (神経/皮膚/血液/筋肉/骨/リンパ/など),濃縮した血小板を用いる治療,治療
博多駅前クリニック,福岡県福岡市博多区博多駅東１丁目12-7 第１３岡部ビル３階,福岡県,松本 綾子,樹状細胞とリンパ球系細胞の共培養細胞によるがん免疫細胞療法,ＩＣＴＡ特定認定再生医療等委員会,その他 (がん・腫瘍/免疫/アレルギー/こころ/など),免疫細胞を用いる治療,治療
Ｎ２クリニック,東京都中央区銀座2-6-5 GINZA TRECIOUSビル3F,東京都,井原 玲,樹状細胞とリンパ球系細胞の共培養細胞によるがん免疫細胞療法,ＩＣＴＡ特定認定再生医療等委員会,その他 (がん・腫瘍/免疫/アレルギー/こころ/など),免疫細胞を用いる治療,治療
白橋歯科医院,東京都葛飾区亀有5-30-10,東京都,院長 白橋 知幸,自家血小板含有フィブリンゲル（CGF：concentrated growth factors）を利用した口腔内組織の再生医療,医療法人社団順朋会再生医療等委員会,頭部 (目(眼)/鼻/耳/口/歯/歯肉/顎/喉/脳/顔/毛髪/首/など),濃縮した血小板を用いる治療,治療
なかむら漢方内科,熊本県熊本市中央区新屋敷3-9-22,熊本県,中村　雅生,樹状細胞を利用したがん免疫細胞療法,個別化医療における認定再生医療等委員会,その他 (がん・腫瘍/免疫/アレルギー/こころ/など),免疫細胞を用いる治療,治療
医療法人社団仁圭会　林外科病院,東京都新宿区大京町27,東京都,松永　仁,樹状細胞を利用したがん免疫細胞療法,個別化医療における認定再生医療等委員会,その他 (がん・腫瘍/免疫/アレルギー/こころ/など),免疫細胞を用いる治療,治療
健康増進クリニック,東京都千代田区九段南４－８－２１　山脇ビル５階,東京都,水上　治,樹状細胞を利用したがん免疫細胞療法,個別化医療における認定再生医療等委員会,その他 (がん・腫瘍/免疫/アレルギー/こころ/など),免疫細胞を用いる治療,治療
センター南ＧＯＴＯクリニック,神奈川県浜市都筑区茅ヶ崎中央１－２　センター南光ビル　４階,神奈川,院長　後藤　秀隆,多血小板血漿を用いた靭帯・腱及び腱付着部の機能障害・疾患の治療,ヴィヴィアン認定再生医療等委員会,四肢 (手/腕/足/肘/膝/関節/など),濃縮した血小板を用いる治療,治療
医療法人大河内会おおこうち内科クリニック,愛知県稲沢市祖父江町桜方上切６－７,愛知県,大河内　昌弘,樹状細胞を利用したがん免疫細胞療法,個別化医療における認定再生医療等委員会,その他 (がん・腫瘍/免疫/アレルギー/こころ/など),免疫細胞を用いる治療,治療
医療法人社団公朋会　西嶋医院,東京都町田市成瀬台３－８－１８,東京都,西嶋　公子,樹状細胞を利用したがん免疫細胞療法,個別化医療における認定再生医療等委員会,その他 (がん・腫瘍/免疫/アレルギー/こころ/など),免疫細胞を用いる治療,治療
医療法人社団　嘉徳会　かんクリニック　リウマチ・整形外科,神奈川県逗子市久木4−2−5 ZEROビル1階・2階・3階,神奈川,院長　姜 鍾泰,自己多血小板血漿(PRP)を用いた筋・腱・靭帯等の軟部組織治療,特定非営利活動法人　日本アンチエイジング医療協会　認定再生医療等委員会,四肢 (手/腕/足/肘/膝/関節/など),濃縮した血小板を用いる治療,治療
医療法人緑樹会　あおば整形外科,神奈川県横浜市青葉区しらとり台１番地１２　グリーングラスビル,神奈川,院長　宮田　庸,多血小板血漿を用いた靭帯・腱及び腱付着部の機能障害・疾患の治療,ヴィヴィアン認定再生医療等委員会,四肢 (手/腕/足/肘/膝/関節/など),濃縮した血小板を用いる治療,治療
国家公務員共済組合連合会　横浜南共済病院,神奈川県神奈川県横浜市金沢区六浦東1-21-1,神奈川,長岡　章平,自家多血小板血漿（PRP）を用いた腱付着部炎・腱障害・筋損傷・靭帯損傷（関節外に限る）治療,医療法人清悠会　認定再生医療等委員会,四肢 (手/腕/足/肘/膝/関節/など),濃縮した血小板を用いる治療,治療
村田歯科医院,神奈川県横浜市中区長者町8-132-5 産友ビル長者町第一 2F,神奈川,院長 村田 朋,自家多血小板フィブリン（PRF：Platelet Rich Fibrin）を利用した口腔内組織の再生医療,医療法人社団順朋会再生医療等委員会,頭部 (目(眼)/鼻/耳/口/歯/歯肉/顎/喉/脳/顔/毛髪/首/など),濃縮した血小板を用いる治療,治療
村田歯科医院,神奈川県横浜市中区長者町8-132-5 産友ビル長者町第一 2F,神奈川,院長 村田 朋,自家多血小板血漿（PRP：Platelet Rich Plasma）を利用した口腔内組織の再生医療,医療法人社団順朋会再生医療等委員会,頭部 (目(眼)/鼻/耳/口/歯/歯肉/顎/喉/脳/顔/毛髪/首/など),濃縮した血小板を用いる治療,治療
希望クリニック,愛知県名古屋市中村区名駅南1丁目19番27号 オルバースビルディング名古屋6F,愛知県,堀田　由浩,樹状細胞を利用したがん免疫細胞療法,個別化医療における認定再生医療等委員会,その他 (がん・腫瘍/免疫/アレルギー/こころ/など),免疫細胞を用いる治療,治療
医療法人社団 さくらい歯科クリニック,新潟県村上市北新保字正樹院屋敷571番地55,新潟県,院長 櫻井 正憲,自家血小板含有フィブリンゲル（CGF：concentrated growth factors）を利用した口腔内組織の再生医療,医療法人社団順朋会再生医療等委員会,頭部 (目(眼)/鼻/耳/口/歯/歯肉/顎/喉/脳/顔/毛髪/首/など),濃縮した血小板を用いる治療,治療
グレースメディカルクリニック,熊本県熊本市東区佐土原1-16-36,熊本県,伊藤　信久,樹状細胞を利用したがん免疫細胞療法,個別化医療における認定再生医療等委員会,その他 (がん・腫瘍/免疫/アレルギー/こころ/など),免疫細胞を用いる治療,治療
あきたすてらクリニック,秋田県秋田市手形字西谷地 1-2,秋田県,長谷川　時生,樹状細胞を利用したがん免疫細胞療法,個別化医療における認定再生医療等委員会,その他 (がん・腫瘍/免疫/アレルギー/こころ/など),免疫細胞を用いる治療,治療
鈴木歯科医院,福井県福井市上森田1-501,福井県,院長 鈴木 孝雄,自家血小板含有フィブリンゲル（CGF：concentrated growth factors）を利用した口腔内組織の再生医療,医療法人社団順朋会再生医療等委員会,頭部 (目(眼)/鼻/耳/口/歯/歯肉/顎/喉/脳/顔/毛髪/首/など),濃縮した血小板を用いる治療,治療
独立行政法人地域医療機能推進機構　山梨病院,山梨県甲府市朝日三丁目１１-１６,山梨県,佐藤　公,自己多血小板血漿(PRP)を用いた整形外科領域における軟部組織治療,医療法人清悠会認定再生医療委員会,四肢 (手/腕/足/肘/膝/関節/など),濃縮した血小板を用いる治療,治療
くらた歯科医院,長野県上伊那郡南箕輪村3444,長野県,院長 倉田 友宏,自家血小板含有フィブリンゲル（CGF：concentrated growth factors）を利用した口腔内組織の再生医療,医療法人社団順朋会再生医療等委員会,頭部 (目(眼)/鼻/耳/口/歯/歯肉/顎/喉/脳/顔/毛髪/首/など),濃縮した血小板を用いる治療,治療
ばん皮フ形成外科クリニック,長野県松本市筑摩1-6-12,長野県,伴　碧,しわ・たるみなどの皮膚の加齢性変化に対する多血小板血 漿（Platelet-rich plasma：PRP）を用いた治療,安全未来特定認定再生医療等委員会,全身 (神経/皮膚/血液/筋肉/骨/リンパ/など),濃縮した血小板を用いる治療,治療
錦野クリニック,静岡県藤枝市青葉町2丁目1－47,静岡県,錦野　光浩,多血小板血漿（Platelet-rich plasma：PRP）を用いた整形外科疾患に対する治療（血流のある部位）,安全未来特定認定再生医療等委員会,四肢 (手/腕/足/肘/膝/関節/など),濃縮した血小板を用いる治療,治療
てらもと歯科医院,愛知県名古屋市東区芳野1-16-5,愛知県,院長 寺本 清峰,自家血小板含有フィブリンゲル（CGF：concentrated growth factors）を利用した口腔内組織の再生医療,医療法人社団順朋会再生医療等委員会,頭部 (目(眼)/鼻/耳/口/歯/歯肉/顎/喉/脳/顔/毛髪/首/など),濃縮した血小板を用いる治療,治療
医療法人社団かいしん会　ますなが医院,埼玉県富士見市勝瀬７３９－１,埼玉県,増永　荘平,樹状細胞を利用したがん免疫細胞療法,個別化医療における認定再生医療等委員会,その他 (がん・腫瘍/免疫/アレルギー/こころ/など),免疫細胞を用いる治療,治療
医療法人紫雪会　えさき整形外科リウマチ科,愛知県名古屋市南区鶴田一丁目7番26号,愛知県,向藤原 由花,多血小板血漿(PRP)の投与によるスポーツ外傷を含む筋、腱、靱帯損傷治療,日本先進医療医師会 再生医療等委員会,四肢 (手/腕/足/肘/膝/関節/など),濃縮した血小板を用いる治療,治療
品川美容外科 名古屋院,愛知県名古屋市中村区名駅二丁目45番19号　桑山ビル２階,愛知県,石原　正志,PRP(多血小板血漿Platelet Rich Plasma)を用いた皮膚の再生及び創傷治癒促進を目的とした再生医療,日本先進医療医師会再生医療等委員会,全身 (神経/皮膚/血液/筋肉/骨/リンパ/など),濃縮した血小板を用いる治療,治療
医療法人花葉会　船塚クリニック,宮崎県宮崎市船塚３丁目１１４番２,宮崎県,日髙　淑晶,樹状細胞を利用したがん免疫細胞療法,個別化医療における認定再生医療等委員会,その他 (がん・腫瘍/免疫/アレルギー/こころ/など),免疫細胞を用いる治療,治療
医療法人社団博心厚生会ふくろうクリニック,東京都千代田区九段北1-10-9 九段VIGASビルB1F,東京都,阿部　博幸,樹状細胞を利用したがん免疫細胞療法,個別化医療における認定再生医療等委員会,その他 (がん・腫瘍/免疫/アレルギー/こころ/など),免疫細胞を用いる治療,治療
医療法人十美会トキコクリニック四条,"京都府京都市下京区四条通高倉西入立売西町76番アソベビル6,7,8階",京都府,院長　本城早紀,自家多血小板血漿を用いた肌の再生医療,トキコクリニック認定再生医療等委員会,全身 (神経/皮膚/血液/筋肉/骨/リンパ/など),濃縮した血小板を用いる治療,治療
医療法人　昭生病院,兵庫県神戸市灘区鶴甲３丁目１３番１９号,兵庫県,和田　義孝,樹状細胞を利用したがん免疫細胞療法,個別化医療における認定再生医療等委員会,その他 (がん・腫瘍/免疫/アレルギー/こころ/など),免疫細胞を用いる治療,治療
医療法人千充会銀座住心クリニック,東京都中央区銀座８－９－１１　天國ビル6階,東京都,伊藤　昌彦,樹状細胞を利用したがん免疫細胞療法,個別化医療における認定再生医療等委員会,その他 (がん・腫瘍/免疫/アレルギー/こころ/など),免疫細胞を用いる治療,治療
医療法人社団桜伸会さくらクリニック,東京都渋谷区渋谷1-16-9 渋谷KIビル3階,東京都,吉田　治,樹状細胞を利用したがん免疫細胞療法,個別化医療における認定再生医療等委員会,その他 (がん・腫瘍/免疫/アレルギー/こころ/など),免疫細胞を用いる治療,治療
医療法人社団桜伸会サンテクリニック,東京都中央区銀座8-12-15 全国燃料会館ビル2F,東京都,澤田　威生,樹状細胞を利用したがん免疫細胞療法,個別化医療における認定再生医療等委員会,その他 (がん・腫瘍/免疫/アレルギー/こころ/など),免疫細胞を用いる治療,治療
東京キャンサークリニック,東京都千代田区飯田橋1‐3‐2　曙杉館9階,東京都,笹田　亜麻子,樹状細胞を利用したがん免疫細胞療法,個別化医療における認定再生医療等委員会,その他 (がん・腫瘍/免疫/アレルギー/こころ/など),免疫細胞を用いる治療,治療
M再生クリニック,東京都杉並区下高井戸５－４－１０,東京都,飯塚　啓介,樹状細胞を利用したがん免疫細胞療法,個別化医療における認定再生医療等委員会,その他 (がん・腫瘍/免疫/アレルギー/こころ/など),免疫細胞を用いる治療,治療
東京CRクリニック,東京都中央区日本橋3-8-14 日本橋ビル3F,東京都,益田　結子,樹状細胞を利用したがん免疫細胞療法,個別化医療における認定再生医療等委員会,その他 (がん・腫瘍/免疫/アレルギー/こころ/など),免疫細胞を用いる治療,治療
シェリビューティークリニック,大阪府大阪市中央区心斎橋筋1-2-2 近商ビル２階,大阪府,呉 俊雄,PRP(多血小板血漿Platelet Rich Plasma)を用いた皮膚の再生を目的とした再生医療,日本先進医療医師会再生医療等委員会,全身 (神経/皮膚/血液/筋肉/骨/リンパ/など),濃縮した血小板を用いる治療,治療
医療法人たつみ会　どい歯科クリニック,大阪府東大阪市中新開二丁目6番31号　コンフォートエヌズ1階,大阪府,院長 土井 守雄,自家血小板含有フィブリンゲル（CGF：concentrated growth factors）を利用した口腔内組織の再生医療,医療法人社団順朋会再生医療等委員会,頭部 (目(眼)/鼻/耳/口/歯/歯肉/顎/喉/脳/顔/毛髪/首/など),濃縮した血小板を用いる治療,治療
医療法人十美会トキコクリニック,大阪府大阪市中央区南船場四丁目７番６号心斎橋中央ビル6階,大阪府,渡邉　麻耶,自家多血小板血漿を用いた肌の再生医療,トキコクリニック認定再生医療等委員会,全身 (神経/皮膚/血液/筋肉/骨/リンパ/など),濃縮した血小板を用いる治療,治療
医療法人協和会　協和会病院,大阪府吹田市岸部北１丁目２４番１号,大阪府,院長　笠原　彰紀,多血小板血漿を用いた靭帯・腱及び腱付着部の機能障害・疾患の治療,ヴィヴィアン認定再生医療等委員会,四肢 (手/腕/足/肘/膝/関節/など),濃縮した血小板を用いる治療,治療
医療法人藤田歯科医院,大阪府松原市東新町三丁目6番18号,大阪府,院長 藤田 規正,自家血小板含有フィブリンゲル（CGF：concentrated growth factors）を利用した口腔内組織の再生医療,医療法人社団順朋会再生医療等委員会,頭部 (目(眼)/鼻/耳/口/歯/歯肉/顎/喉/脳/顔/毛髪/首/など),濃縮した血小板を用いる治療,治療
医療法人讃高会　高井病院,大阪府枚方市津田西町１－３７－８,大阪府,院長　　樋口　直彦,多血小板血漿を用いた靭帯・腱及び腱付着部の機能障害・疾患の治療,ヴィヴィアン認定再生医療等委員会,四肢 (手/腕/足/肘/膝/関節/など),濃縮した血小板を用いる治療,治療
医療法人 龍志会 IGTクリニック,大阪府泉佐野市りんくう往来南3番41メディカルりんくうポート,大阪府,院長 堀 篤史,直接投与による悪性新生物の治療及び再発予防を目的にしたナチュラルキラー細胞療法,神戸ハーバーランド免疫療法クリニック　認定再生医療等委員会,その他 (がん・腫瘍/免疫/アレルギー/こころ/など),免疫細胞を用いる治療,治療
大塚歯科第3ビル診療所,大阪府大阪市北区梅田1-1-3-1800,大阪府,院長 大塚 俊裕,自家血小板含有フィブリンゲル（CGF：concentrated growth factors）を利用した口腔内組織の再生医療,医療法人社団順朋会再生医療等委員会,頭部 (目(眼)/鼻/耳/口/歯/歯肉/顎/喉/脳/顔/毛髪/首/など),濃縮した血小板を用いる治療,治療
大阪AGA加藤クリニック,大阪府大阪市北区曽根崎新地2-1-21　桜橋深川ビル4階,大阪府,院長　加藤　健太郎,自己多血小板血漿(PRP)を用いた薄毛治療,特定非営利活動法人　日本アンチエイジング医療協会　認定再生医療等委員会,頭部 (目(眼)/鼻/耳/口/歯/歯肉/顎/喉/脳/顔/毛髪/首/など),濃縮した血小板を用いる治療,治療
いろはビューティークリニック,兵庫県神戸市中央区加納町6-6-3 摩耶松本ビル8F、9F、10F,兵庫県,岩端　慎士,PRP(多血小板血漿Platelet Rich Plasma)を用いた育毛を目的とした再生医療,日本先進医療医師会再生医療等委員会,頭部 (目(眼)/鼻/耳/口/歯/歯肉/顎/喉/脳/顔/毛髪/首/など),濃縮した血小板を用いる治療,治療
いろはビューティークリニック,兵庫県神戸市中央区加納町6-6-3 摩耶松本ビル8F、9F、10F,兵庫県,岩端　慎士,PRP(多血小板血漿Platelet Rich Plasma)を用いた皮膚の再生を目的とした再生医療,日本先進医療医師会再生医療等委員会,全身 (神経/皮膚/血液/筋肉/骨/リンパ/など),濃縮した血小板を用いる治療,治療
たけのの歯科,兵庫県神戸市東灘区住吉本町2丁目13-16-203,兵庫県,院長 竹野々 巌,自家多血小板血漿（PRP：Platelet Rich Plasma）を利用した口腔内組織の再生医療,医療法人社団順朋会再生医療等委員会,頭部 (目(眼)/鼻/耳/口/歯/歯肉/顎/喉/脳/顔/毛髪/首/など),濃縮した血小板を用いる治療,治療
医療法人 龍志会 IGTクリニック,大阪府泉佐野市りんくう往来南3番41メディカルりんくうポート,大阪府,院長 堀 篤史,動脈注射による悪性新生物の治療及び再発予防を目的にした活性化Tリンパ球療法,神戸ハーバーランド免疫療法クリニック　認定再生医療等委員会,その他 (がん・腫瘍/免疫/アレルギー/こころ/など),免疫細胞を用いる治療,治療
フォーシーズンズ美容皮膚科　2号院,兵庫県神戸市中央区北長狭通1-20-13 北野坂壱番館7階,兵庫県,脇田　尚子,PRP(多血小板血漿Platelet Rich Plasma)を用いた皮膚の再生を目的とした再生医療,日本先進医療医師会再生医療等委員会,全身 (神経/皮膚/血液/筋肉/骨/リンパ/など),濃縮した血小板を用いる治療,治療
フォーシーズンズ美容皮膚科　2号院,兵庫県神戸市中央区北長狭通1丁目20-13北野坂壱番館7階,兵庫県,院長　脇田　尚子,PRP(多血小板血漿Platelet Rich Plasma)を用いた育毛を目的とした再生医療,特定非営利活動法人　日本アンチエイジング医療協会認定再生医療等委員会,頭部 (目(眼)/鼻/耳/口/歯/歯肉/顎/喉/脳/顔/毛髪/首/など),濃縮した血小板を用いる治療,治療
医療法人社団佳和会　中山クリニック,兵庫県明石市魚住町金ケ崎３７０,兵庫県,理事長　中山　潤一,多血小板血漿を用いた靭帯・腱及び腱付着部の機能障害・疾患の治療,ヴィヴィアン認定再生医療等委員会,四肢 (手/腕/足/肘/膝/関節/など),濃縮した血小板を用いる治療,治療
医療法人社団慶愛会　森口整形外科,兵庫県伊丹市鈴原町１丁目９号３番,兵庫県,院長　森口　和哉,多血小板血漿を用いた靭帯・腱及び腱付着部の機能障害・疾患の治療,ヴィヴィアン認定再生医療等委員会,四肢 (手/腕/足/肘/膝/関節/など),濃縮した血小板を用いる治療,治療
大井クリニック,兵庫県西宮市名次町５－２４,兵庫県,院長　大井　雄紀,多血小板血漿を用いた靭帯・腱及び腱付着部の機能障害・疾患の治療,ヴィヴィアン認定再生医療等委員会,四肢 (手/腕/足/肘/膝/関節/など),濃縮した血小板を用いる治療,治療
芦屋セントマリア病院,兵庫県芦屋市朝日ヶ丘８－２２,兵庫県,院長　伊藤　直人,多血小板血漿を用いた靭帯・腱及び腱付着部の機能障害・疾患の治療,ヴィヴィアン認定再生医療等委員会,四肢 (手/腕/足/肘/膝/関節/など),濃縮した血小板を用いる治療,治療
ちえクリニック,奈良県奈良市学園北1-14-13　 メディカル学園前3Ｆ,奈良県,院長　園部　千絵,自己多血小板血漿(PRP)を用いた傷の治癒促進およびシワやたるみなどの皮膚老化の再生治療,特定非営利活動法人　日本アンチエイジング医療協会　認定再生医療等委員会,全身 (神経/皮膚/血液/筋肉/骨/リンパ/など),濃縮した血小板を用いる治療,治療
医療法人賢藍会　やまもと歯科,奈良県大和高田市幸町3番18号　トナリエ大和高田3階,奈良県,院長 山本 伸介,自家血小板含有フィブリンゲル（CGF：concentrated growth factors）を用いた口腔内組織の再生医療,医療法人社団順朋会再生医療等委員会,頭部 (目(眼)/鼻/耳/口/歯/歯肉/顎/喉/脳/顔/毛髪/首/など),濃縮した血小板を用いる治療,治療
社会医療法人高清会　香芝旭ヶ丘病院,奈良県香芝市上中８３９番地,奈良県,院長　北川　洋,多血小板血漿を用いた靭帯・腱及び腱付着部の機能障害・疾患の治療,ヴィヴィアン認定再生医療等委員会,四肢 (手/腕/足/肘/膝/関節/など),濃縮した血小板を用いる治療,治療
広島中央クリニック,広島県広島市中区三川町2-3　INGビル2階,広島県,院長　石田　眞大,PRP(多血小板血漿Platelet Rich Plasma)を用いた皮膚の再生を目的とした再生医療,特定非営利活動法人　皮膚の健康研究機構認定再生医療等委員会,全身 (神経/皮膚/血液/筋肉/骨/リンパ/など),濃縮した血小板を用いる治療,治療
独立行政法人労働者健康安全機構　中国労災病院,広島県呉市広多賀谷１丁目５番１号,広島県,院長　栗栖　薫,多血小板血漿を用いた靭帯・腱及び腱付着部の機能障害・疾患の治療,ヴィヴィアン認定再生医療等委員会,四肢 (手/腕/足/肘/膝/関節/など),濃縮した血小板を用いる治療,治療
社会医療法人里仁会　興生総合病院,広島県三原市円一町2丁目5番1号,広島県,藤原 恒太郎,自己多血小板血漿(PRP)を用いた整形外科領域における軟部組織治療,医療法人清悠会認定再生医療委員会,四肢 (手/腕/足/肘/膝/関節/など),濃縮した血小板を用いる治療,治療
高田歯科口腔外科医院,香川県高松市御厩町476番地３階,香川県,高田　匡基,多血小板フィブリン（PRF）を用 いた骨再生治療,セレンクリニック認定再生医療等委員会,頭部 (目(眼)/鼻/耳/口/歯/歯肉/顎/喉/脳/顔/毛髪/首/など),濃縮した血小板を用いる治療,治療
愛媛大学医学部附属病院,愛媛県東温市志津川,愛媛県,杉山　隆,自己多血小板血漿(PRP)を用いた整形外科領域における軟部組織治療,医療法人清悠会認定再生医療等委員会,四肢 (手/腕/足/肘/膝/関節/など),濃縮した血小板を用いる治療,治療
医療法人緑風会　海里マリン病院,高知県高知市仁井田１６１７－５,高知県,院長　中谷　孝,多血小板血漿を用いた靭帯・腱及び腱付着部の機能障害・疾患の治療,ヴィヴィアン認定再生医療等委員会,四肢 (手/腕/足/肘/膝/関節/など),濃縮した血小板を用いる治療,治療
GRACIA clinic,福岡県福岡市中央区春吉3-5-7 Riverfront中洲西 South棟3階,福岡県,樋口　隆男,PRP(多血小板血漿Platelet Rich Plasma)を用いた皮膚の再生を目的とした再生医療,日本先進医療医師会再生医療等委員会,全身 (神経/皮膚/血液/筋肉/骨/リンパ/など),濃縮した血小板を用いる治療,治療
とも整形外科スポーツクリニック,福岡県福岡市博多区豊1丁目4番32号,福岡県,竹田 智則,自家多血小板血漿(PRP)を用いた腱付着部炎・腱障害・筋 損傷・靭帯損傷(関節腔外に限る)治療,医療法人清悠会認定再生医療等委員会,四肢 (手/腕/足/肘/膝/関節/など),濃縮した血小板を用いる治療,治療
医療法人　メイクリニック,神奈川県横浜市港北区大倉山2-15-10,神奈川,松永　光明,未熟樹状細胞（がん抗原の添加無し）療法と樹状細胞ワクチン（自己がん抗原もしくは合成ペプチドなどを添加）療法,NPO法人抜苦ねっと認定再生医療等委員会,その他 (がん・腫瘍/免疫/アレルギー/こころ/など),免疫細胞を用いる治療,治療
医療法人　秋山クリニック,福岡県糟屋郡新宮町緑ケ浜4丁目17番1号,福岡県,秋山武徳,自家多血小板血漿(PRP)を用いた筋付着部炎・腱障害・筋損傷・靭帯損傷・骨欠損(関節外に限る)治療,医療法人清悠会認定再生医療等委員会,四肢 (手/腕/足/肘/膝/関節/など),濃縮した血小板を用いる治療,治療
医療法人かつの整形外科・リハビリテーション科,福岡県福岡市西区福重4丁目7-6　2F,福岡県,医療法人かつの整形外科・リハビリテーション科勝野　雷二郎,多血小板血漿（Platelet-rich plasma：PRP）を用いた筋、腱、靭帯損傷、肩腱板損傷に対する治療,安全未来特定認定再生医療等委員会,四肢 (手/腕/足/肘/膝/関節/など),濃縮した血小板を用いる治療,治療
医療法人博志会あおぎりクリニック,東京都新宿区四谷四丁目１５　九久ビル２Ｆ,東京都,井上　貴子,免疫細胞(NK細胞、γδT細胞、CD8陽性細胞、CD4陽性細胞を含む)を用いた悪性腫瘍に対する生物応答修飾剤活性化細胞障害性リンパ球療法(免疫細胞「BAK療法」),NPO法人抜苦ねっと認定再生医療等委員会,その他 (がん・腫瘍/免疫/アレルギー/こころ/など),免疫細胞を用いる治療,治療
社会医療法人北九州病院　北九州総合病院,福岡県北九州市小倉北区東城野町１番１号,福岡県,院長　永田　直幹,多血小板血漿を用いた靭帯・腱及び腱付着部の機能障害・疾患の治療,ヴィヴィアン認定再生医療等委員会,四肢 (手/腕/足/肘/膝/関節/など),濃縮した血小板を用いる治療,治療
はやし歯科クリニック,佐賀県佐賀市赤松町241-40,佐賀県,院長 林 好美,自家血小板含有フィブリンゲル（CGF：concentrated growth factors）を利用した口腔内組織の再生医療,医療法人社団順朋会再生医療等委員会,頭部 (目(眼)/鼻/耳/口/歯/歯肉/顎/喉/脳/顔/毛髪/首/など),濃縮した血小板を用いる治療,治療
弥生が丘ソラーレ歯科医院,佐賀県鳥栖市弥生が丘5丁目213番1階,佐賀県,院長 岩元 知之,自家血小板含有フィブリンゲル（CGF：concentrated growth factors）を利用した口腔内組織の再生医療,医療法人社団順朋会再生医療等委員会,頭部 (目(眼)/鼻/耳/口/歯/歯肉/顎/喉/脳/顔/毛髪/首/など),濃縮した血小板を用いる治療,治療
医療法人増田整形外科,長崎県佐世保市高砂町４－２１,長崎県,理事長　増田　賢一,多血小板血漿を用いた靭帯・腱及び腱付着部の機能障害・疾患の治療,ヴィヴィアン認定再生医療等委員会,四肢 (手/腕/足/肘/膝/関節/など),濃縮した血小板を用いる治療,治療
熊本整形外科病院,熊本県熊本市中央区新屋敷1丁目17-1,熊本県,生田　拓也,多血小板血漿（Platelet-rich plasma：PRP）を用いた筋、腱、靭帯損傷、肩腱板損傷に対する治療,安全未来特定認定再生医療等委員会,四肢 (手/腕/足/肘/膝/関節/など),濃縮した血小板を用いる治療,治療
Mスポーツ整形外科クリニック,宮崎県宮崎市太田４丁目２-１６,宮崎県,院長　樋口　潤一,多血小板血漿を用いた靭帯・腱及び腱付着部の機能障害・疾患の治療,ヴィヴィアン認定再生医療等委員会,四肢 (手/腕/足/肘/膝/関節/など),濃縮した血小板を用いる治療,治療
くもん整形外科 スポーツ・骨関節クリニック,宮崎県延岡市緑ヶ丘2丁目9番9,宮崎県,医師　公文 崇詞,自家多血小板血漿（PRP）を用いた腱付着部炎・腱障害・筋損傷・靭帯損傷（関節外に限る）に対する治療,医療法人清悠会認定再生医療等委員会,四肢 (手/腕/足/肘/膝/関節/など),濃縮した血小板を用いる治療,治療
医療法人友光会　整形外科　フレンドクリニック,宮崎県小林市細野１３４番地１５,宮崎県,理事長　押領司　光雄,多血小板血漿を用いた靭帯・腱及び腱付着部の機能障害・疾患の治療,ヴィヴィアン認定再生医療等委員会,四肢 (手/腕/足/肘/膝/関節/など),濃縮した血小板を用いる治療,治療
大森歯科医院,宮崎県児湯郡高鍋町大字北高鍋1347-1,宮崎県,院長 大森 桂二,自家血小板含有フィブリンゲル（CGF：concentrated growth factors）を利用した口腔内組織の再生医療,医療法人社団順朋会再生医療等委員会,頭部 (目(眼)/鼻/耳/口/歯/歯肉/顎/喉/脳/顔/毛髪/首/など),濃縮した血小板を用いる治療,治療
医療法人いぶすき歯科医院,鹿児島県指宿市西方6843番地,鹿児島,理事長　亀山　秀和,顎顔面口腔領域PRGF-Endoret療法,日本薬事法務学会再生医療等委員会,頭部 (目(眼)/鼻/耳/口/歯/歯肉/顎/喉/脳/顔/毛髪/首/など),濃縮した血小板を用いる治療,治療
医療法人クオラ　クオラリハビリテーション病院あいら,鹿児島県姶良市西餅田２３００番地１,鹿児島,院長　岩根　祐二,多血小板血漿を用いた靭帯・腱及び腱付着部の機能障害・疾患の治療,ヴィヴィアン認定再生医療等委員会,四肢 (手/腕/足/肘/膝/関節/など),濃縮した血小板を用いる治療,治療
おきなわメンズクリニック,沖縄県那覇市おもろまち4丁目17-15　AIビル3階,沖縄県,院長　杉原　司,自己多血小板血漿(PRP)を用いたしみ、しわ、たるみ、老化した皮膚等の若返り治療,特定非営利活動法人　日本アンチエイジング医療協会　認定再生医療等委員会,全身 (神経/皮膚/血液/筋肉/骨/リンパ/など),濃縮した血小板を用いる治療,治療
医療法人八重瀬会　同仁病院,沖縄県浦添市城間１－３７－１２,沖縄県,理事長　山内　裕樹,多血小板血漿を用いた靭帯・腱及び腱付着部の機能障害・疾患の治療,ヴィヴィアン認定再生医療等委員会,四肢 (手/腕/足/肘/膝/関節/など),濃縮した血小板を用いる治療,治療
京都大学医学部附属病院,京都府京都市左京区聖護院川原町54,京都府,宮本　享,インスリン依存性糖尿病に対する同種膵島移植,京都大学特定認定再生医療等委員会,腹部 (お腹/胃/腸/食道/肝臓/胆のう/胆管/膵臓/腎臓/など),その他,治療
医療法人　五輪橋整形外科病院,北海道札幌市南区川沿2条1丁目2番56号,北海道,院長　佐藤　直一,多血小板血漿抽出液による関節症治療,ヴィヴィアン特定認定再生医療等委員会,四肢 (手/腕/足/肘/膝/関節/など),濃縮した血小板を用いる治療,治療
社会医療法人北斗　北斗病院,北海道帯広市稲田町基線7番地5,北海道,井出 渉,多血小板血漿（Platelet Rich Plasma：PRP）の投与による変形性関節症治療,安全未来特定認定再生医療等委員会,四肢 (手/腕/足/肘/膝/関節/など),濃縮した血小板を用いる治療,治療
エフ.クリニック,青森県青森市浜田3-3-7,青森県,藤井 俊策,子宮内膜に対する多血小板血漿（Acti₋PRP）を用いた不妊治療,ヴィヴィアン特定認定再生医療等委員会,女性（乳・子宮・卵巣など）,濃縮した血小板を用いる治療,治療
JR仙台病院,宮城県仙台市青葉区五橋1-1-5,宮城県,佐藤　博,多血小板血漿（PRP）の投与による変形性関節症治療,日本先進医療医師会 特定認定再生医療等委員会,四肢 (手/腕/足/肘/膝/関節/など),濃縮した血小板を用いる治療,治療
医療法人なこそ整形外科クリニック,福島県いわき市勿来町窪田町通２－５７－１,福島県,武田 知通,自家多血小板血漿（PRP）を用いた関節内疾患に対する治療,安全未来特定認定再生医療等委員会,四肢 (手/腕/足/肘/膝/関節/など),濃縮した血小板を用いる治療,治療
医療法人社団　筑波記念会　筑波記念病院,茨城県茨城県つくば市要1187-299,茨城県,長澤 俊郎,多血小板血漿を用いた膝前十字靭帯再建手術,特定非営利活動法人先端医療推進機構 特定認定再生医療等委員会名古屋,四肢 (手/腕/足/肘/膝/関節/など),濃縮した血小板を用いる治療,治療
ミューズシティクリニック,埼玉県さいたま市南区別所7-2-1-204,埼玉県,河野光容,脂肪組織由来再生(幹)細胞を用いた慢性疼痛に対する治療,安全未来特定認定再生医療等委員会,全身 (神経/皮膚/血液/筋肉/骨/リンパ/など),自分の細胞を用いる治療,治療
医療法人夢乃樹会　ウィメンズクリニックふじみ野,埼玉県富士見市ふじみ野西一丁目１７番地３－２・３F,埼玉県,林　直樹,子宮内膜に対する多血小板血漿（Acti₋PRP）を用いた不妊治療,ヴィヴィアン特定認定再生医療等委員会,下半身 (腰/泌尿器/肛門/子宮/卵巣/陰部/など),濃縮した血小板を用いる治療,治療
医療法人社団　慶育会　セントウィメンズクリニック,埼玉県さいたま市浦和区東高砂町9-1-4F,埼玉県,稲垣昇,子宮内膜に対する多血小板血漿（Acti₋PRP）を用いた不妊治療,ヴィヴィアン特定認定再生医療等委員会,下半身 (腰/泌尿器/肛門/子宮/卵巣/陰部/など),濃縮した血小板を用いる治療,治療
医療法人社団武蔵野会　TMGあさか医療センター,埼玉県朝霞市溝沼1340-1,埼玉県,飯田　惣授,多血小板血漿（Platelet-rich plasma：PRP）を用いた変形性関節症治療,安全未来特定認定再生医療等委員会,四肢 (手/腕/足/肘/膝/関節/など),濃縮した血小板を用いる治療,治療
医療法人社団祐慈会　井上整形外科クリニック,埼玉県さいたま市南区太田窪2丁目11-22,埼玉県,井上　祐介,多血小板血漿（PRP）による変形性膝関節症治療,CONCIDE 特定認定再生医療等委員会,四肢 (手/腕/足/肘/膝/関節/など),濃縮した血小板を用いる治療,治療
医療法人社団髙志会　レイクタウン整形外科病院,埼玉県越谷市レイクタウン5-13-6,埼玉県,安村　建介,多血小板血漿（Platelet-rich plasma：PRP）を用いた変形性関節症治療,安全未来特定認定再生医療等委員会,四肢 (手/腕/足/肘/膝/関節/など),濃縮した血小板を用いる治療,治療
東松山市立市民病院,埼玉県東松山市大字松山2392番地,埼玉県,杉山　聡,多血小板血漿（Platelet-rich plasma：PRP）を用いた変形性関節症治療,安全未来特定認定再生医療等委員会,四肢 (手/腕/足/肘/膝/関節/など),濃縮した血小板を用いる治療,治療
医療法人鉄蕉会　亀田クリニック,千葉県鴨川市東町 1344 番地,千葉県,黒田　浩司,APS（Autologous Protein Solution）を用いた変形性関節症を起因とする慢性痛治療,安全未来特定認定再生医療等委員会,四肢 (手/腕/足/肘/膝/関節/など),自分の細胞を用いる治療,治療
医療法人鉄蕉会　亀田クリニック,千葉県鴨川市東町 1344 番地,千葉県,黒田　浩司,自己脂肪由来間葉系幹細胞を用いた関節痛、変形性関節症治療,安全未来特定認定再生医療等委員会,四肢 (手/腕/足/肘/膝/関節/など),自分の細胞を用いる治療,治療
社会医療法人社団蛍水会 名戸ヶ谷病院,千葉県柏市新柏二丁目1番1,千葉県,松澤 和人,自家多血小板血漿(Platelet rich plasma:PRP)を用いた関節機能改善治療,日本先進医療医師会特定認定再生医療等委員会,四肢 (手/腕/足/肘/膝/関節/など),濃縮した血小板を用いる治療,治療
順天堂大学医学部附属浦安病院,千葉県浦安市富岡2-1-1,千葉県,田中　裕,自己多血小板血漿（PRP）療法（関節炎・変形性関節症に対する）,特定認定再生医療等委員会名古屋,四肢 (手/腕/足/肘/膝/関節/など),濃縮した血小板を用いる治療,治療
ClLINIC EMMA the ginza,東京都東京都中央区銀座4-1　NISHIGINZA B1F,東京都,田宮　エリー,しわ・たるみなど皮膚の加齢性変化に対する自己脂肪由来幹細胞を用いた治療,安全未来特定認定再生医療等委員会,全身 (神経/皮膚/血液/筋肉/骨/リンパ/など),自分の細胞を用いる治療,治療
CZEN GINZA CLINIC,東京都中央区銀座5-4-9ニューギンザ5ビル9階,東京都,鈴木　明世,自己脂肪由来間葉系幹細胞を用いた関節痛、変形性関節症治療,安全未来特定認定再生医療等委員会,四肢 (手/腕/足/肘/膝/関節/など),自分の細胞を用いる治療,治療
LETICIA CLINIC,東京都中央区銀座４丁目２−１７ 銀座１１１レジャービル12階,東京都,村井　高志,自己脂肪由来幹細胞を用いたアトピー性皮膚炎患者の主症状に対する治療,安全未来特定認定再生医療等委員会,全身 (神経/皮膚/血液/筋肉/骨/リンパ/など),自分の細胞を用いる治療,治療
LETICIA CLINIC,東京都中央区銀座４丁目２−１７ 銀座１１１レジャービル12階,東京都,村井　高志,自己脂肪由来幹細胞を用いたしわ・たるみなど皮膚の加齢性変化に対する治療,安全未来特定認定再生医療等委員会,全身 (神経/皮膚/血液/筋肉/骨/リンパ/など),自分の細胞を用いる治療,治療
ほまれクリニック,東京都江戸川区中葛西5-32-8 圭盟ビル6階,東京都,小林明博,中等症以上のアトピー性皮膚炎の改善を目的とする自己脂肪由来幹細胞静脈内投与,日本医療福祉協会特定認定再生医療等委員会,全身 (神経/皮膚/血液/筋肉/骨/リンパ/など),自分の細胞を用いる治療,治療
アヴェニューセルクリニック,東京都港区南青山3-18-16　ル・ボワビル3階,東京都,井上　啓太,自己脂肪由来間葉系幹細胞を用いた動脈硬化症に対する治療,安全未来特定認定再生医療等委員会,全身 (神経/皮膚/血液/筋肉/骨/リンパ/など),自分の細胞を用いる治療,治療
ダリア銀座スキンクリニック,東京都港区新橋1-5-5 グランベル銀座Ⅱビル 4F,東京都,岩本　拓,皮膚陥凹性変形に対する自己脂肪由来間葉系幹細胞の皮下投与による治療,安全未来特定認定再生医療等委員会,全身 (神経/皮膚/血液/筋肉/骨/リンパ/など),自分の細胞を用いる治療,治療
ダリア銀座スキンクリニック,東京都港区新橋1-5-5 グランベル銀座Ⅱビル 4F,東京都,岩本　拓,非アルコール性脂肪肝炎（NASH）に対する自己脂肪由来間葉系幹細胞による点滴療法,安全未来特定認定再生医療等委員会,腹部 (お腹/胃/腸/食道/肝臓/胆のう/胆管/膵臓/腎臓/など),自分の細胞を用いる治療,治療
一般社団法人 輝実会 青山レナセルクリニック,東京都港区北青山2－7－28 青山NAビル5階,東京都,麻沼 卓弥,アトピー性皮膚炎患者の主症状に対する自己脂肪由来幹細胞による治療,安全未来特定認定再生医療等委員会,全身 (神経/皮膚/血液/筋肉/骨/リンパ/など),自分の細胞を用いる治療,治療
一般社団法人ウェルケアAiメディカルクリニック銀座,東京都中央区銀座7-13-12サクセス銀座第7ビル11階,東京都,遠藤　侑香,アトピー性皮膚炎患者の主症状に対する自己脂肪由来幹細胞による治療,一般社団法人再生医療安全未来委員会 安全未来特定認定再生医療等委員会,全身 (神経/皮膚/血液/筋肉/骨/リンパ/など),自分の細胞を用いる治療,治療
一般社団法人循整会　世田谷人工関節・脊椎クリニック,東京都世田谷区南烏山6-36-6,東京都,院長　塗山　正宏,多血小板血漿抽出液による関節症治療,ヴィヴィアン特定認定再生医療等委員会,四肢 (手/腕/足/肘/膝/関節/など),濃縮した血小板を用いる治療,治療
仙川整形外科,東京都調布市仙川町3-2-4ウィステリア仙川1階A,東京都,日下部　浩,脂肪由来SVF (非培養）による変形性関節症（膝関節・股関節・肘関節・肩関節）の治療,特定非営利活動法人先端医療推進機構　 特定認定再生医療等委員会東京,四肢 (手/腕/足/肘/膝/関節/など),自分の細胞を用いる治療,治療
健康院クリニック,東京都中央区銀座6-7-4,東京都,細井 孝之,自己脂肪由来間葉系幹細胞を用いた動脈硬化症に対する治療,安全未来特定認定再生医療等委員会,全身 (神経/皮膚/血液/筋肉/骨/リンパ/など),自分の細胞を用いる治療,治療
元麻布ヒルズメディカルクリニック,東京都港区元麻布１丁目３－３ 元麻布ヒルズフォレストテラスウエストB１,東京都,宮下　協二,慢性疼痛に対する自己脂肪由来幹細胞による治療,日本医療福祉協会特定認定再生医療等委員会,全身 (神経/皮膚/血液/筋肉/骨/リンパ/など),自分の細胞を用いる治療,治療
北青山Dクリニック,東京都渋谷区神宮前3-7-10アケラビル,東京都,阿保義久,肝硬変、肝線維症等の肝機能障害に対する自家脂肪由来間葉系幹細胞を用いた治療,北青山Dクリニック特定認定再生医療等委員会,腹部 (お腹/胃/腸/食道/肝臓/胆のう/胆管/膵臓/腎臓/など),自分の細胞を用いる治療,治療
北青山Dクリニック,東京都東京都渋谷区神宮前3-7-10　アケラビル,東京都,阿保義久,神経変性疾患に対する自家脂肪由来間葉系幹細胞（髄腔内投与）を用いた治療,北青山Dクリニック特定認定再生医療等委員会,全身 (神経/皮膚/血液/筋肉/骨/リンパ/など),自分の細胞を用いる治療,治療
医療法人社団HELENE 表参道ヘレネクリニック,東京都港区南青山5-9-15 青山OHMOTOビル3F,東京都,小林奈々,免疫老化に対する自己脂肪由来幹細胞・幹細胞エクソソーム投与療法,一般社団法人再生医療協会 特定認定再生医療等委員会,その他 (がん・腫瘍/免疫/アレルギー/こころ/など),自分の細胞を用いる治療,治療
医療法人社団　桜伸会　さくらクリニック,東京都渋谷区渋谷1-16-9　渋谷ＫＩビル3階,東京都,吉田　治,慢性疼痛緩和を目的とした自家培養脂肪由来間葉系幹細胞の静脈内投与による治療,日本医療福祉協会特定認定再生医療等委員会,全身 (神経/皮膚/血液/筋肉/骨/リンパ/など),自分の細胞を用いる治療,治療
医療法人社団　桜伸会　さくらクリニック,東京都渋谷区渋谷1-16-9　渋谷ＫＩビル3階,東京都,吉田　治,慢性疼痛緩和を目的とした自家培養脂肪由来間葉系幹細胞の関節内投与による治療,日本医療福祉協会特定認定再生医療等委員会,全身 (神経/皮膚/血液/筋肉/骨/リンパ/など),自分の細胞を用いる治療,治療
医療法人社団主正会　かわさきクリニック,東京都八王子市下恩方町1141-1,東京都,院長　川崎　主税,関節腔への自己多血小板血漿（PRP）を用いた変形性関節症治療,特定非営利活動法人 先端医療推進機構（JAPSAM）特定認定再生医療等委員会,四肢 (手/腕/足/肘/膝/関節/など),濃縮した血小板を用いる治療,治療
医療法人社団元輝会 銀座TAC銀座下肢静脈瘤クリニック,東京都中央区銀座二丁目３番１号 RayGinza 5階,東京都,山田　真里江,ヒト自己脂肪組織由来間葉系幹細胞投与による肝障害の治療,ICTA特定認定再生医療等委員会,腹部 (お腹/胃/腸/食道/肝臓/胆のう/胆管/膵臓/腎臓/など),自分の細胞を用いる治療,治療
医療法人社団光史会 銀座泰江内科クリニック,東京都中央区銀座5-1-15　第一御幸ビル4階東,東京都,泰江　慎太郎,自己脂肪組織由来間葉系幹細胞投与による糖尿病の治療,安全未来特定認定再生医療等委員会,その他 (がん・腫瘍/免疫/アレルギー/こころ/など),自分の細胞を用いる治療,治療
医療法人社団厚潤会　花輪病院,東京都日野市日野本町3丁目14-15,東京都,伊藤　亮治,多血小板血漿（Platelet-rich plasma：PRP）を用いた変形性関節症治療,安全未来特定認定再生医療等委員会,四肢 (手/腕/足/肘/膝/関節/など),濃縮した血小板を用いる治療,治療
医療法人社団啓神会　M再生クリニック,東京都杉並区下高井戸5-4-10,東京都,飯塚 啓介,変形性関節症に対する自己脂肪由来幹細胞を用いた治療,一般社団法人再生医療安全未来委員会 安全未来特定認定再生医療等委員会,四肢 (手/腕/足/肘/膝/関節/など),自分の細胞を用いる治療,治療
医療法人社団啓神会　M再生クリニック,東京都杉並区下高井戸5-4-10,東京都,飯塚 啓介,慢性疼痛に対する自己脂肪由来幹細胞による治療,一般社団法人再生医療安全未来委員会 安全未来特定認定再生医療等委員会,その他 (がん・腫瘍/免疫/アレルギー/こころ/など),自分の細胞を用いる治療,治療
医療法人社団幸燿會　銀座スキンセルクリニック,東京都中央区銀座３－４－１５菱進銀座ビル６F,東京都,佐藤　達雄,しわ・たるみなど皮膚の加齢性変化に対する自己脂肪由来幹細胞を用いた治療,安全未来特定認定再生医療等委員会,全身 (神経/皮膚/血液/筋肉/骨/リンパ/など),自分の細胞を用いる治療,治療
医療法人社団康梓会Y'sサイエンスクリニック広尾,東京都港区南麻布5-15-27 広尾リープレックスビズ6階,東京都,林田 康隆,脂肪組織由来間葉系幹細胞群を用いた慢性疼痛に対する治療,安全未来特定認定再生医療等委員会,その他 (がん・腫瘍/免疫/アレルギー/こころ/など),自分の細胞を用いる治療,治療
医療法人社団快晴会　すがも北口整形外科クリニック,東京都豊島区巣鴨2-3-10 森川第1ビル3階,東京都,石井　文久,自家脂肪組織由来幹細胞（ASC）の投与による関節治療,日本先進医療医師会　特定認定再生医療等委員会,四肢 (手/腕/足/肘/膝/関節/など),自分の細胞を用いる治療,治療
医療法人社団盛心会タカラクリニック,東京都東京都品川区東五反田２丁目３−２ タイセイビル 9F,東京都,高良　毅,脂肪由来間葉系幹細胞を用いた慢性疼痛の治療,安全未来特定認定再生医療等委員会,全身 (神経/皮膚/血液/筋肉/骨/リンパ/など),自分の細胞を用いる治療,治療
医療法人社団秀博会 秀博会 BTRアーツ銀座クリニック,東京都港区 新橋2-20-15新橋駅前ビル1号館201,東京都,市橋 正光,自己脂肪由来間葉系幹細胞を用いた脊髄損傷治療,安全未来特定認定再生医療等委員会,胸部 (胸/心臓/循環器/血管/呼吸器/乳房/脊髄/肩/背中/など),自分の細胞を用いる治療,治療
医療法人社団秀博会BTRアーツ銀座クリニック,東京都東京都港区新橋2-20-15 新橋駅前ビル1号館201,東京都,市橋正光,しわ、たるみ、ほうれい線などの皮膚の加齢性変化への脂肪幹細胞を用いた治療,安全未来特定認定再生医療等委員会,全身 (神経/皮膚/血液/筋肉/骨/リンパ/など),自分の細胞を用いる治療,治療
医療法人社団良徳会　RCクリニック,東京都渋谷区神宮前三丁目42番2号　VORT外苑前Ⅲ地下１階,東京都,中田　良,自己脂肪組織由来幹細胞を用いた変形性関節症治療,特定非営利活動法人　先端医療推進機構　特定認定再生医療等委員会名古屋,四肢 (手/腕/足/肘/膝/関節/など),自分の細胞を用いる治療,治療
医療法人社団裕恒会　Gクリニック,東京都中央区銀座5-3-13 GINZA SS 85ビル12F,東京都,三島　雅辰,自家培養真皮線維芽細胞移植術,再生医療普及協会 特定認定再生医療等委員会,全身 (神経/皮膚/血液/筋肉/骨/リンパ/など),自分の細胞を用いる治療,治療
医療法人美健会　ルネスクリニック日本橋,東京都中央区日本橋室町三丁目3番1号E.T.S.室町ビル3階,東京都,森田　祐二,境界型糖尿病（糖尿病予備軍）および初期糖尿病に対する進展予防を目的とした自己脂肪由来間葉系幹細胞治療,安全未来特定認定再生医療等委員会,その他 (がん・腫瘍/免疫/アレルギー/こころ/など),自分の細胞を用いる治療,治療
医療法人美健会　ルネスクリニック日本橋,東京都中央区日本橋室町3-3-1 E.T.S.室町ビル3階,東京都,森田　祐二,加齢男性性腺機能低下症候群（男性更年期障害）に伴う諸症状改善を目的とした自己脂肪由来間葉系幹細胞治療,安全未来特定認定再生医療等委員会,その他 (がん・腫瘍/免疫/アレルギー/こころ/など),自分の細胞を用いる治療,治療
医療法人美健会　ルネスクリニック日本橋,東京都中央区日本橋室町三丁目3番1号E.T.S.室町ビル3階,東京都,院長　森田祐二,女性更年期障害および卵巣機能低下に伴う諸症状改善を目的とした自己脂肪由来間葉系幹細胞治療,安全未来特定認定再生医療等委員会,下半身 (腰/泌尿器/肛門/子宮/卵巣/陰部/など),自分の細胞を用いる治療,治療
医療法人聖美会 JOEクリニック銀座院,東京都中央区銀座8-11-3 銀座露木ビル7F・8F,東京都,武藤　智香,自家脂肪組織由来幹細胞（ASC）の投与による乳房組織欠損治療,日本先進医療医師会 特定認定再生医療等委員会,胸部 (胸/心臓/循環器/血管/呼吸器/乳房/脊髄/肩/背中/など),自分の細胞を用いる治療,治療
医療法人聖美会 JOEクリニック銀座院,東京都中央区銀座8-11-3 銀座露木ビル7F・8F,東京都,武藤　智香,自家脂肪組織由来幹細胞（ASC）の投与による皮下組織欠損治療,日本先進医療医師会 特定認定再生医療等委員会,全身 (神経/皮膚/血液/筋肉/骨/リンパ/など),自分の細胞を用いる治療,治療
医療法人財団健貢会 東京クリニック,東京都千代田区大手町二丁目2番1号 新大手町ビル1階・地下1階・地下2階,東京都,金森　博,ヒト自己脂肪組織由来間葉系幹細胞の関節内投与による関節傷害の症状改善の治療,ICTA特定認定再生医療等委員会,四肢 (手/腕/足/肘/膝/関節/など),自分の細胞を用いる治療,治療
医療法人財団健貢会　東京クリニック,東京都千代田区大手町二丁目2−1 新大手町ビル1階・地下1階・地下2階,東京都,金森　博,ヒト自己脂肪組織由来間葉系幹細胞投与による肝障害の治療,ICTA特定認定再生医療等委員会,腹部 (お腹/胃/腸/食道/肝臓/胆のう/胆管/膵臓/腎臓/など),自分の細胞を用いる治療,治療
医療法人鉄蕉会　亀田京橋クリニック,東京都中央区京橋3丁目1番1号東京スクエアガーデン4階・6階,東京都,岸本　誠司,多血小板血漿（Platelet-rich plasma：PRP）を用いた関節内組織損傷に対する治療,日本肌再生医学会　特定認定再生医療等委員会,四肢 (手/腕/足/肘/膝/関節/など),濃縮した血小板を用いる治療,治療
日本体育大学クリニック,東京都世田谷区深沢七丁目1番1号,東京都,平沼 憲治,自家多血小板血漿（Platelet-rich plasma：PRP）を用いた慢性関節炎の治療（関節内組織）,日本肌再生医学会特定認定再生医療等委員会,四肢 (手/腕/足/肘/膝/関節/など),濃縮した血小板を用いる治療,治療
東京キャンサークリニック,東京都千代田区飯田橋1丁目3-2 曙杉館ビル9F,東京都,院長　笹田　亜麻子,自己脂肪組織由来間葉系幹細胞による慢性疼痛の緩和,令和再生医療委員会,全身 (神経/皮膚/血液/筋肉/骨/リンパ/など),自分の細胞を用いる治療,治療
東京銀座国際醫院,東京都中央区銀座一丁目１４―４ プレリー銀座 ２階,東京都,院長　田中　聡,変形性膝関節症に対する多血小板血漿（Platelet-Rich-Plasma：PRP）関節内投与療法,ヴィヴィアン特定認定再生医療等委員会,四肢 (手/腕/足/肘/膝/関節/など),濃縮した血小板を用いる治療,治療
東京銀座国際醫院,東京都中央区銀座一丁目１４―４ プレリー銀座２階,東京都,院長　田中　聡,変形性膝関節症に対する自己骨髄由来間葉系幹細胞を含む骨髄濃縮液（Bone-Marrow-Aspiration-Concentration：BMAC）の関節内投与療法,ヴィヴィアン特定認定再生医療等委員会,四肢 (手/腕/足/肘/膝/関節/など),自分の細胞を用いる治療,治療
松徳会　松倉クリニック,東京都渋谷区神宮前4-11-6 表参道千代田ビル9,東京都,松倉　知之,しわ・たるみなど皮膚の加齢性変化に対する自己脂肪由来幹細胞を用いた治療,安全未来特定認定再生医療等委員会,全身 (神経/皮膚/血液/筋肉/骨/リンパ/など),自分の細胞を用いる治療,治療
松徳会　松倉クリニック　代官山,東京都渋谷区猿楽町16-15 T-SITE GARDEN 5号棟2F,東京都,角谷　貴子,しわ・たるみなど皮膚の加齢性変化に対する自己脂肪由来幹細胞を用いた治療,安全未来特定認定再生医療等委員会,全身 (神経/皮膚/血液/筋肉/骨/リンパ/など),自分の細胞を用いる治療,治療
横浜町田関節脊椎病院,東京都町田市南つくし野３丁目１－２,東京都,院長　宮島　玄陽,多血小板血漿抽出液による関節症治療,ヴィヴィアン特定認定再生医療等委員会,四肢 (手/腕/足/肘/膝/関節/など),濃縮した血小板を用いる治療,治療
湘南美容クリニック新宿本院,東京都新宿区西新宿6-5-1 新宿アイランドタワー24F,東京都,中村 大輔,自家脂肪組織由来幹細胞（ASC）を用いた軟部組織移植術,日本先進医療医師会 特定認定再生医療等委員会,四肢 (手/腕/足/肘/膝/関節/など),自分の細胞を用いる治療,治療
湘南美容クリニック新宿本院,東京都新宿区西新宿6-5-1 新宿アイランドタワー24F,東京都,中村 大輔,自家脂肪組織由来幹細胞（ASC）を用いた乳房組織増大術,日本先進医療医師会 特定認定再生医療等委員会,胸部 (胸/心臓/循環器/血管/呼吸器/乳房/脊髄/肩/背中/など),自分の細胞を用いる治療,治療
独立行政法人国立病院機構東京医療センター,東京都目黒区東が丘２丁目５－１,東京都,新木　一弘,多血小板血漿（Platelet-rich plasma：PRP）を用いた変形性関節症治療,安全未来特定認定再生医療等委員会,四肢 (手/腕/足/肘/膝/関節/など),濃縮した血小板を用いる治療,治療
神宮外苑 Woman Life Clinic,東京都渋谷区神宮前3-39-5 QizAOYAMA 2F,東京都,伊沢　博美,卵巣機能低下に対する自家月経血由来幹細胞の静脈投与,日本肌再生医学会特定認定再生医療等委員会,下半身 (腰/泌尿器/肛門/子宮/卵巣/陰部/など),自分の細胞を用いる治療,治療
神宮外苑 Woman Life Clinic,東京都渋谷区神宮前3-39-5 QizAOYAMA 2F,東京都,伊沢　博美,放射線性皮膚炎に対する自家脂肪由来幹細胞の塗布治療,日本肌再生医学会特定認定再生医療等委員会,全身 (神経/皮膚/血液/筋肉/骨/リンパ/など),自分の細胞を用いる治療,治療
神宮外苑 Woman Life Clinic,東京都渋谷区神宮前3-39-5 QizAOYAMA 2F,東京都,伊沢　博美,身体の加齢性変化(フレイルおよびプレフレイル)に対する自家脂肪由来幹細胞の静脈投与,日本肌再生医学会特定認定再生医療等委員会,その他 (がん・腫瘍/免疫/アレルギー/こころ/など),自分の細胞を用いる治療,治療
神宮外苑 Woman Life Clinic,東京都渋谷区神宮前3-39-5 Qiz AOYAMA 2F,東京都,伊沢　博美,加齢性皮膚変化に対する自家脂肪由来幹細胞の皮下注入,日本肌再生医学会特定認定再生医療等委員会,全身 (神経/皮膚/血液/筋肉/骨/リンパ/など),自分の細胞を用いる治療,治療
貝原レディースクリニック,東京都調布市布田1丁目29-2ビルディング川口4階,東京都,貝原　賢二,子宮内膜に対する多血小板血漿（Acti₋PRP）を用いた不妊治療,ヴィヴィアン特定認定再生医療等委員会,下半身 (腰/泌尿器/肛門/子宮/卵巣/陰部/など),濃縮した血小板を用いる治療,治療
銀座クリニック,東京都中央区銀座4-3-9クイーンズハウス８階,東京都,本多剛大,脂肪由来間葉系幹細胞を用いた糖尿病の治療,安全未来特定認定再生医療等委員会,その他 (がん・腫瘍/免疫/アレルギー/こころ/など),自分の細胞を用いる治療,治療
銀座クリニック,東京都中央区銀座4-3-9　クイーンズハウス8階,東京都,本多　剛大,骨髄由来間葉系幹細胞を用いた糖尿病の治療,安全未来特定認定再生医療等委員会,その他 (がん・腫瘍/免疫/アレルギー/こころ/など),自分の細胞を用いる治療,治療
銀座クリニック,東京都中央区銀座4-3-9　クイーンズハウス8階,東京都,本多　剛大,しわ・たるみなど皮膚の加齢性変化に対する自己脂肪由来幹細胞を用いた治療,安全未来特定認定再生医療等委員会,全身 (神経/皮膚/血液/筋肉/骨/リンパ/など),自分の細胞を用いる治療,治療
順天堂大学医学部附属順天堂東京江東高齢者医療センター,東京都江東区新砂3-3-20,東京都,宮嶋　雅一,多血小板血漿（PRP）の投与による変形性関節症治療,日本先進医療医師会特定認定再生医療等委員会,四肢 (手/腕/足/肘/膝/関節/など),濃縮した血小板を用いる治療,治療
セルポートクリニック横浜,神奈川県横浜市中区南仲通三丁目35番地 横浜エクセレントIII 2階,神奈川,海野 早織,培養自家脂肪組織由来間葉系幹細胞を用いた軟部組織の再建・増大術,大阪大学第一特定認定再生医療等委員会,四肢 (手/腕/足/肘/膝/関節/など),自分の細胞を用いる治療,治療
公立大学法人横浜市立大学附属病院,神奈川県横浜市金沢区福浦3−9,神奈川,後藤　隆久,自家多血小板血漿(Platelet-rich plasma:PRP)を用 いた関節内組織損傷に対する治療,特定非営利活動法人先端医療推進機構 特定再生医療等 委員会名古屋,四肢 (手/腕/足/肘/膝/関節/など),濃縮した血小板を用いる治療,治療
医療法人社団快晴会　田奈整形外科・外科,神奈川県横浜市青葉区田奈町15-7 第二東ビル2階,神奈川,朝長　昭仁,自家脂肪組織由来幹細胞（ASC）の投与による関節治療,日本先進医療医師会　特定認定再生医療等委員会,四肢 (手/腕/足/肘/膝/関節/など),自分の細胞を用いる治療,治療
医療法人社団桐杏会　メディカルパーク湘南,神奈川県藤沢市湘南台1-14-3,神奈川,田中　雄大,子宮内膜に対する多血小板血漿（Acti₋PRP）を用いた不妊治療,ヴィヴィアン特定認定再生医療等委員会,下半身 (腰/泌尿器/肛門/子宮/卵巣/陰部/など),濃縮した血小板を用いる治療,治療
医療法人社団浜悠会KO CLINIC,神奈川県横浜市中区尾上町4-54 Kannai exビル8F,神奈川,黄 聖琥,脂肪組織由来幹細胞（ASC）の投与による乳房組織欠損治療,特定認定細胞治療等安全推進委員会,胸部 (胸/心臓/循環器/血管/呼吸器/乳房/脊髄/肩/背中/など),自分の細胞を用いる治療,治療
医療法人順正会　横浜鶴ヶ峰病院付属予防医療クリニック,神奈川県横浜市旭区鶴ヶ峰2-82-1 ココロットつるがみね5階,神奈川,清水　哲,変形性膝関節症（OA）に対する多血小板血漿（自家PRP）治療,安全未来特定認定再生医療等委員会,四肢 (手/腕/足/肘/膝/関節/など),濃縮した血小板を用いる治療,治療
社会医療法人財団互恵会大船中央病院,神奈川県鎌倉市大船6-2-24,神奈川,院長　須藤　博,多血小板血漿抽出液による関節症治療,ヴィヴィアン特定認定再生医療等委員会,四肢 (手/腕/足/肘/膝/関節/など),濃縮した血小板を用いる治療,治療
新潟大学医歯学総合病院,新潟県新潟市中央区旭町通1番町754番地,新潟県,病院長　 冨田　善彦,培養自家骨膜細胞による骨形成性移植材を用いた顎口腔領域骨再生療法,新潟大学特定認定再生医療等委員会,頭部 (目(眼)/鼻/耳/口/歯/歯肉/顎/喉/脳/顔/毛髪/首/など),自分の細胞を用いる治療,治療
新潟大学医歯学総合病院,新潟県新潟県新潟市中央区旭町通1番町754番地,新潟県,病院長　冨田 善彦,多血小板血漿抽出液（Autologous Protein Solution）による関節治療,新潟大学特定認定再生医療等委員会,四肢 (手/腕/足/肘/膝/関節/など),濃縮した血小板を用いる治療,治療
国立大学法人 富山大学附属病院,富山県富山市杉谷2630番地,富山県,林 篤志,脂肪組織由来幹細胞（ASC）の投与による乳房組織欠損治療,特定認定細胞治療等安全推進委員会,胸部 (胸/心臓/循環器/血管/呼吸器/乳房/脊髄/肩/背中/など),自分の細胞を用いる治療,治療
医療法人ごとう整形外科,岐阜県岐阜市福光南町２２−１,岐阜県,後藤　克明,多血小板血漿（Platelet-rich plasma：PRP）を用いた変形性関節症治療,安全未来特定認定再生医療等委員会,四肢 (手/腕/足/肘/膝/関節/など),濃縮した血小板を用いる治療,治療
医療法人ごとう整形外科,岐阜県岐阜市福光南町２２−１,岐阜県,後藤　克明,自己脂肪由来間葉系幹細胞を用いた関節痛、変形性関節症治療,安全未来特定認定再生医療等委員会,四肢 (手/腕/足/肘/膝/関節/など),自分の細胞を用いる治療,治療
医療法人社団愛育会　クリニックママ,岐阜県大垣市今宿3丁目34-1,岐阜県,野村 昌男,難治性不妊に対する多血小板血漿（PRP）を用いた不妊治療,CONCIDE特定認定再生医療等委員会,下半身 (腰/泌尿器/肛門/子宮/卵巣/陰部/など),濃縮した血小板を用いる治療,治療
岩端医院,静岡県沼津市大手町3丁目２番19号,静岡県,院長　岩端　秀久,子宮内膜に対する多血小板血漿（Acti₋PRP）を用いた不妊治療,ヴィヴィアン特定認定再生医療等委員会,下半身 (腰/泌尿器/肛門/子宮/卵巣/陰部/など),濃縮した血小板を用いる治療,治療
順天堂大学医学部附属　静岡病院,静岡県伊豆の国市長岡１１２９,静岡県,佐藤　浩一,多血小板血漿（Platelet-rich plasma：PRP）を用いた変形性関節症治療,安全未来特定認定再生医療等委員会,四肢 (手/腕/足/肘/膝/関節/など),濃縮した血小板を用いる治療,治療
まるたARTクリニック,愛知県名古屋市千種区覚王山通8-70-1 池下ESビル3F,愛知県,丸田 英,子宮内膜に対する多血小板血漿（Acti₋PRP）を用いた不妊治療,ヴィヴィアン特定認定再生医療等委員会,下半身 (腰/泌尿器/肛門/子宮/卵巣/陰部/など),濃縮した血小板を用いる治療,治療
医療法人みらい　ARTクリニックみらい,愛知県岡崎市大樹寺2-2-2,愛知県,院長　村田　泰隆,子宮内膜に対する多血小板血漿（Acti₋PRP）を用いた不妊治療,ヴィヴィアン特定認定再生医療等委員会,下半身 (腰/泌尿器/肛門/子宮/卵巣/陰部/など),濃縮した血小板を用いる治療,治療
医療法人交和会 リブラささしまメディカルクリニック,愛知県名古屋市中村区平池町4丁目60番12グローバルゲート5F,愛知県,院長 村瀬　孝司,自己骨髄由来間葉系幹細胞を用いた脊髄損傷治療,安全未来特定認定再生医療等委員会,胸部 (胸/心臓/循環器/血管/呼吸器/乳房/脊髄/肩/背中/など),自分の細胞を用いる治療,治療
医療法人交和会 リブラささしまメディカルクリニック,愛知県名古屋市中村区平池町4丁目60番12グローバルゲート5F,愛知県,院長 村瀬　孝司,慢性疼痛に対する自己脂肪由来幹細胞による治療,安全未来特定認定再生医療等委員会,全身 (神経/皮膚/血液/筋肉/骨/リンパ/など),自分の細胞を用いる治療,治療
医療法人財団 檜扇会 クリニック ちくさヒルズ,愛知県名古屋市千種区千種二丁目24番2号 千種タワーヒルズ1階,愛知県,林　衆治,自己脂肪組織由来幹細胞を用いた脳梗塞後遺症の治療,特定非営利活動法人 先端医療推進機構 特定認定再生医療等委員会名古屋,頭部 (目(眼)/鼻/耳/口/歯/歯肉/顎/喉/脳/顔/毛髪/首/など),自分の細胞を用いる治療,治療
医療法人財団 檜扇会 クリニック ちくさヒルズ,愛知県名古屋市千種区千種二丁目24番2号 千種タワーヒルズ1階,愛知県,林　衆治,自己脂肪組織由来幹細胞を用いた肝硬変の治療,特定非営利活動法人 先端医療推進機構 特定認定再生医療等委員会名古屋,腹部 (お腹/胃/腸/食道/肝臓/胆のう/胆管/膵臓/腎臓/など),自分の細胞を用いる治療,治療
医療法人財団 檜扇会 クリニック ちくさヒルズ,愛知県名古屋市千種区千種二丁目24番2号 千種タワーヒルズ1階,愛知県,林　衆治,自己多血小板血漿（PRP)を用いた変形性関節症治療,特定非営利活動法人 先端医療推進機構 特定認定再生医療等委員会名古屋,四肢 (手/腕/足/肘/膝/関節/など),濃縮した血小板を用いる治療,治療
医療法人財団 檜扇会 クリニック ちくさヒルズ,愛知県名古屋市千種区千種二丁目24番2号 千種タワーヒルズ1階,愛知県,林　衆治,自己脂肪組織由来幹細胞を用いた変形性関節症治療,特定非営利活動法人 先端医療推進機構 特定認定再生医療等委員会名古屋,四肢 (手/腕/足/肘/膝/関節/など),自分の細胞を用いる治療,治療
医療法人財団 檜扇会 クリニック ちくさヒルズ,愛知県名古屋市千種区千種二丁目24番2号 千種タワーヒルズ1階,愛知県,林　衆治,自己脂肪組織由来幹細胞を用いたしわ、たるみ治療,特定非営利活動法人 先端医療推進機構 特定認定再生医療等委員会名古屋,全身 (神経/皮膚/血液/筋肉/骨/リンパ/など),自分の細胞を用いる治療,治療
医療法人財団 檜扇会 クリニック ちくさヒルズ,愛知県名古屋市千種区千種二丁目24番2号 千種タワーヒルズ1階,愛知県,林　衆治,自己多血小板血漿(Platelet-rich plasma：PRP)由来の自己蛋白溶液(Autologous Protein Solution：APS)を用いた変形性関節症治療,特定非営利活動法人 先端医療推進機構 特定認定再生医療等委員会名古屋,四肢 (手/腕/足/肘/膝/関節/など),濃縮した血小板を用いる治療,治療
医療法人財団 檜扇会 クリニック ちくさヒルズ,愛知県名古屋市千種区千種二丁目24番2号 千種タワーヒルズ1階,愛知県,林 衆治,自己脂肪組織由来幹細胞を用いた重症虚血性心疾患の治療,特定非営利活動法人 先端医療推進機構 特定認定再生医療等委員会名古屋,胸部 (胸/心臓/循環器/血管/呼吸器/乳房/脊髄/肩/背中/など),自分の細胞を用いる治療,治療
医療法人財団 檜扇会 クリニック ちくさヒルズ,愛知県名古屋市千種区千種二丁目24番2号 千種タワーヒルズ1階,愛知県,林 祐司,自己脂肪組織由来幹細胞を用いた重症アトピー性皮膚炎・乾癬の治療,特定非営利活動法人 先端医療推進機構 特定認定再生医療等委員会名古屋,全身 (神経/皮膚/血液/筋肉/骨/リンパ/など),自分の細胞を用いる治療,治療
岩崎病院,三重県津市一身田町333番地,三重県,岩崎　誠,自家多血小板血漿（Platelet-rich plasma：PRP）を用いた慢性関節炎の治療（関節内組織）,日本肌再生医学会特定認定再生医療等委員会,四肢 (手/腕/足/肘/膝/関節/など),濃縮した血小板を用いる治療,治療
医療法人木下レディースクリニック,滋賀県大津市打出浜10-37,滋賀県,木下　孝一,子宮内膜に対する多血小板血漿（Acti₋PRP）を用いた不妊治療,ヴィヴィアン特定認定再生医療等委員会,下半身 (腰/泌尿器/肛門/子宮/卵巣/陰部/など),濃縮した血小板を用いる治療,治療
いちまる整形外科クリニック,京都府長岡京市長岡2丁目26-13,京都府,院長　市丸　宏三,多血小板血漿を用いた整形外科疾患に対する関節内治療,安全未来特定認定再生医療等委員会,四肢 (手/腕/足/肘/膝/関節/など),濃縮した血小板を用いる治療,治療
林ジョイアクリニック,京都府京都市中京区烏丸通姉小路下ル場之町599 CUBE OIKE 3F,京都府,林 寛子,皮膚の加齢性変化に対する自己脂肪由来幹細胞を用いた局所注射療法,安全未来特定再生医療等委員会,全身 (神経/皮膚/血液/筋肉/骨/リンパ/など),自分の細胞を用いる治療,治療
THE CLINIC 大阪,大阪府大阪市北区曽根崎 2-12-4　コフレ梅田6階,大阪府,福田　越,脂肪組織由来幹細胞（ASC）の投与による皮下組織欠損治療,日本先進医療医師会特定認定再生医療等委員会,全身 (神経/皮膚/血液/筋肉/骨/リンパ/など),自分の細胞を用いる治療,治療
リセリングクリニック,大阪府大阪市北区天満橋1-8-40 帝国ホテルプラザ2階,大阪府,久保　青美,ヒト自己脂肪組織由来間葉系幹細胞投与による肝障害の治療,ICTA特定認定再生医療等委員会,腹部 (お腹/胃/腸/食道/肝臓/胆のう/胆管/膵臓/腎臓/など),自分の細胞を用いる治療,治療
医療法人　龍志会　IGTクリニック,大阪府泉佐野市りんくう往来南3番41メディカルりんくうポート,大阪府,堀　篤史,慢性疼痛緩和を目的とした自己脂肪由来間葉系幹細胞治療,一般社団法人国際再生医療普及協会特定認定再生医療等委員会,全身 (神経/皮膚/血液/筋肉/骨/リンパ/など),自分の細胞を用いる治療,治療
医療法人再生会　そばじまクリニック,"大阪府東大阪市荒本北2-2-6　クリニックコート東野1F,２F,３F",大阪府,理事長兼院長　傍島　聰,変形性関節症に対する自家脂肪組織由来細胞群による疼痛緩和治療（ただし、手指及び脊柱を除く）,特定非営利活動法人先端医療推進機構　特定認定再生医療等 委員会名古屋,四肢 (手/腕/足/肘/膝/関節/など),自分の細胞を用いる治療,治療
医療法人再生会そばじまクリニック　ホテルニューオータニ大阪院,大阪府大阪市中央区城見１－４－１　ホテルニューオータニ大阪6F,大阪府,岩畔　英樹,自己多血小板血漿（Platelet Rich Plasma: PRP）を用いた変形性関節症治療,特定非営利活動法人先端医療推進機構　特定認定再生医療等委員会名古屋,四肢 (手/腕/足/肘/膝/関節/など),濃縮した血小板を用いる治療,治療
医療法人愛風会 優愛クリニック,大阪府大阪市中央区心斎橋筋一丁目５番３０号ジ・アトリウム５階,大阪府,北株 又四郎,しわ、たるみ、ほうれい線などの皮膚の加齢性変化への脂肪幹細胞を用いた治療,安全未来特定認定再生医療等委員会,全身 (神経/皮膚/血液/筋肉/骨/リンパ/など),自分の細胞を用いる治療,治療
医療法人社団 秀博会　マサキここちクリニック,大阪府大阪市中央区大手前3丁目1番43号大阪府新別館南館（3階）,大阪府,朝井　俊治,自己脂肪由来間葉系幹細胞を用いた脊髄損傷治療,安全未来特定認定再生医療等委員会,胸部 (胸/心臓/循環器/血管/呼吸器/乳房/脊髄/肩/背中/など),自分の細胞を用いる治療,治療
医療法人社団秀博会 マサキここちクリニック,大阪府大阪市中央区大手前3丁目1番43号大阪府新別館南館３階,大阪府,朝井　俊治,脂肪由来間葉系幹細胞を用いた脳卒中後遺症の治療,安全未来特定認定再生医療等委員会,頭部 (目(眼)/鼻/耳/口/歯/歯肉/顎/喉/脳/顔/毛髪/首/など),自分の細胞を用いる治療,治療
医療法人良花会 整形外科とくはらクリニック,大阪府大阪市鶴見区横堤三丁目6番40号 道端ビル,大阪府,徳原 善雄,自家多血小板血漿(Platelet rich plasma:PRP)を用いた関節機能改善治療,日本先進医療医師会特定認定再生医療等委員会,四肢 (手/腕/足/肘/膝/関節/など),濃縮した血小板を用いる治療,治療
大阪市立総合医療センター,大阪府大阪市都島区都島本通二丁目13番22号,大阪府,西口　幸雄,自家多血小板血漿（Platelet-rich plasma：PRP）を用いた慢性関節炎の治療（関節内組織）,日本肌再生医学会特定認定再生医療等委員会,四肢 (手/腕/足/肘/膝/関節/など),濃縮した血小板を用いる治療,治療
ふどう整形外科クリニック,兵庫県川西市火打1丁目16番6号 オアシスタウンキセラ川西2F,兵庫県,不動 一誠,脂肪組織由来幹細胞（ASC）の投与による変形性関節症治療,特定非営利活動法人先端医療推進機構 特定認定再生医療等委員会名古屋,四肢 (手/腕/足/肘/膝/関節/など),自分の細胞を用いる治療,治療
フォーシーズンズ美容皮膚科,兵庫県神戸市中央区加納町６－６－１ 金沢三宮ビル８階,兵庫県,柏原　俊博,自家培養真皮線維芽細胞を用いた皮膚再生治療,再生医療普及協会 特定認定再生医療等委員会,全身 (神経/皮膚/血液/筋肉/骨/リンパ/など),自分の細胞を用いる治療,治療
フォーシーズンズ美容皮膚科2号院,兵庫県神戸市中央区北長狭通1－20－13 北野坂壱番館7階,兵庫県,脇田　尚子,自家培養真皮線維芽細胞を用いた皮膚再生治療,再生医療普及協会 特定認定再生医療等委員会,全身 (神経/皮膚/血液/筋肉/骨/リンパ/など),自分の細胞を用いる治療,治療
医療法人明日香会　ASKAレディースクリニック,奈良県奈良市北登美ヶ丘3丁目3-17,奈良県,中山　雅博,子宮内膜に対する多血小板血漿（Acti₋PRP）を用いた不妊治療,ヴィヴィアン特定認定再生医療等委員会,下半身 (腰/泌尿器/肛門/子宮/卵巣/陰部/など),濃縮した血小板を用いる治療,治療
近畿大学奈良病院,奈良県生駒市乙田町1248-1,奈良県,村木　正人,変形性関節症に対する多血小板血漿関節内注入療法,安全未来特定認定再生医療等委員会,四肢 (手/腕/足/肘/膝/関節/など),濃縮した血小板を用いる治療,治療
海南医療センター,和歌山県海南市日方１５２２−１,和歌山,池田剛司,多血小板血漿（Platelet-rich plasma：PRP）を用いた変形性関節症治療,安全未来特定認定再生医療等委員会,四肢 (手/腕/足/肘/膝/関節/など),濃縮した血小板を用いる治療,治療
社会医療法人黎明会　北出病院,和歌山県御坊市湯川町財部728‐4,和歌山,重里　政信,多血小板血漿（Platelet-rich plasma：PRP）を用いた変形性関節症治療,安全未来特定認定再生医療等委員会,四肢 (手/腕/足/肘/膝/関節/など),濃縮した血小板を用いる治療,治療
鳥取大学医学部附属病院,鳥取県米子市西町36番地1,鳥取県,原田　省,多血小板血漿（Platelet-rich plasma：PRP）を用いた変形性関節症治療,安全未来特定認定再生医療等委員会,四肢 (手/腕/足/肘/膝/関節/など),濃縮した血小板を用いる治療,治療
医療法人　絹谷産婦人科,広島県広島市中区本通8-23本通ヒルズ4階,広島県,絹谷　正之,子宮内膜に対する多血小板血漿（Acti₋PRP）を用いた不妊治療,ヴィヴィアン特定認定再生医療等委員会,下半身 (腰/泌尿器/肛門/子宮/卵巣/陰部/など),濃縮した血小板を用いる治療,治療
医療法人雄壮会　よしだレディースクリニック内科・小児科,広島県福山市新涯町３丁目19-36,広島県,吉田　壮一,子宮内膜に対する多血小板血漿（Acti₋PRP）を用いた不妊治療,ヴィヴィアン特定認定再生医療等委員会,下半身 (腰/泌尿器/肛門/子宮/卵巣/陰部/など),濃縮した血小板を用いる治療,治療
寛田クリニック,広島県広島市南区稲荷町3番20号 トーレ稲荷町,広島県,寛田 司,自家多血小板血漿(Platelet rich plasma:PRP)を用いた関節機能改善治療,日本先進医療医師会特定認定再生医療等委員会,四肢 (手/腕/足/肘/膝/関節/など),濃縮した血小板を用いる治療,治療
池田整形外科リハビリテーションクリニック,広島県広島市東区戸坂大上4丁目29-13,広島県,池田　昌樹,多血小板血漿（Platelet-rich plasma：PRP）を用いた変形性関節症治療,安全未来特定認定再生医療等委員会,四肢 (手/腕/足/肘/膝/関節/など),濃縮した血小板を用いる治療,治療
医療法人おおた整形外科クリニック,徳島県美馬市脇町馬木１１７６−３,徳島県,理事長　大田　耕司,多血小板血漿抽出液による関節症治療,ヴィヴィアン特定認定再生医療等委員会,四肢 (手/腕/足/肘/膝/関節/など),濃縮した血小板を用いる治療,治療
医療法人十全会　井上病院,徳島県板野郡板野町犬伏字鶴畑３９－１,徳島県,病院長　中平晴仁,多血小板血漿抽出液による関節症治療,ヴィヴィアン特定認定再生医療等委員会,四肢 (手/腕/足/肘/膝/関節/など),濃縮した血小板を用いる治療,治療
医療法人福井ウィメンズクリニック,愛媛県松山市星岡4丁目2番7号,愛媛県,福井　敬介,子宮内膜に対する多血小板血漿（Acti₋PRP）を用いた不妊治療,ヴィヴィアン特定認定再生医療等委員会,下半身 (腰/泌尿器/肛門/子宮/卵巣/陰部/など),濃縮した血小板を用いる治療,治療
社会医療法人石川記念会　HITO病院,愛媛県四国中央市上分町788番地1,愛媛県,田中　伸二,多血小板血漿（Platelet-rich plasma：PRP）を用いた変形性関節症治療,安全未来特定認定再生医療等委員会,四肢 (手/腕/足/肘/膝/関節/など),濃縮した血小板を用いる治療,治療
細木病院,高知県高知市大膳町37番地,高知県,細木　信吾,自家多血小板血漿(Platelet-rich plasma:PRP)を用いた関節機能改善治療,ヴィヴィアン特定認定再生医療等委員会,四肢 (手/腕/足/肘/膝/関節/など),濃縮した血小板を用いる治療,治療
